Frame,Conf,X,Y,Width,Height,ID,ID_Norm
0,0.90673828125,1836,691,168,117,1,0
0,0.8896484375,1105,683,171,96,2,1
0,0.88427734375,828,685,148,83,3,2
0,0.8232421875,589,663,105,68,4,3
0,0.822265625,918,656,93,48,5,4
0,0.81884765625,495,656,84,54,6,5
0,0.7919921875,788,652,102,65,7,6
0,0.73095703125,429,650,67,45,8,7
0,0.68408203125,1023,666,109,75,9,8
0,0.673828125,1248,671,67,78,10,9
0,0.640625,723,646,57,46,11,10
0,0.552734375,1350,678,219,112,12,11
0,0.5390625,1350,678,220,112,13,12
0,0.5078125,1201,667,57,55,14,13
0,0.501953125,483,615,78,43,15,14
1,0.892578125,1843,692,149,115,1,0
1,0.89404296875,1115,683,170,94,2,1
1,0.87255859375,835,686,151,79,3,2
1,0.83203125,593,663,104,66,4,3
1,0.8017578125,923,656,91,47,5,4
1,0.8291015625,499,656,86,55,6,5
1,0.72802734375,790,653,103,65,7,6
1,0.76220703125,431,650,67,46,8,7
1,0.74609375,1026,665,114,74,9,8
1,0.62060546875,1255,670,66,77,10,9
1,0.51171875,727,646,55,47,11,10
1,0.607421875,1359,678,221,113,13,12
1,0.525390625,1209,668,60,56,14,13
1,0.537109375,486,613,75,43,15,14
2,0.87158203125,1852,692,134,115,1,0
2,0.900390625,1124,684,173,95,2,1
2,0.87744140625,842,687,151,80,3,2
2,0.8154296875,598,663,104,67,4,3
2,0.78271484375,930,656,92,46,5,4
2,0.81982421875,502,657,86,53,6,5
2,0.74169921875,796,653,102,64,7,6
2,0.7607421875,435,650,67,45,8,7
2,0.65673828125,1035,665,109,76,9,8
2,0.71875,1266,670,63,77,10,9
2,0.6513671875,735,647,59,46,11,10
2,0.546875,1367,679,226,114,12,11
2,0.60009765625,1215,669,60,55,14,13
2,0.64599609375,487,614,78,44,15,14
3,0.85498046875,1854,693,125,114,1,0
3,0.892578125,1135,685,175,95,2,1
3,0.8662109375,851,688,153,79,3,2
3,0.8408203125,603,664,107,68,4,3
3,0.79443359375,936,657,92,48,5,4
3,0.81396484375,505,658,86,54,6,5
3,0.77197265625,801,652,104,64,7,6
3,0.75927734375,438,650,68,45,8,7
3,0.73095703125,1043,665,109,76,9,8
3,0.658203125,1276,670,66,79,10,9
3,0.67724609375,737,647,61,46,11,10
3,0.69921875,1377,680,227,115,12,11
3,0.55078125,1223,669,60,55,14,13
3,0.609375,488,614,77,45,15,14
4,0.7958984375,1869,694,98,114,1,0
4,0.89013671875,1147,685,174,96,2,1
4,0.87744140625,861,689,154,79,3,2
4,0.83203125,605,664,114,68,4,3
4,0.71533203125,942,657,93,48,5,4
4,0.7919921875,507,657,84,55,6,5
4,0.7431640625,805,652,105,64,7,6
4,0.75634765625,441,650,69,46,8,7
4,0.71044921875,1049,666,111,78,9,8
4,0.59814453125,739,647,59,47,11,10
4,0.6826171875,1386,680,232,116,12,11
4,0.56396484375,491,614,77,45,15,14
4,0.53125,220,641,73,45,18,12
5,0.7490234375,1880,703,76,98,1,0
5,0.89013671875,1158,686,176,97,2,1
5,0.875,869,690,155,80,3,2
5,0.8310546875,609,664,116,70,4,3
5,0.77587890625,949,657,95,50,5,4
5,0.73583984375,509,658,84,55,6,5
5,0.77734375,809,653,107,65,7,6
5,0.67919921875,444,650,68,48,8,7
5,0.76904296875,1054,667,115,79,9,8
5,0.5546875,743,647,57,47,11,10
5,0.67236328125,1394,681,238,118,12,11
5,0.5908203125,1245,670,61,55,14,9
5,0.51953125,493,614,78,46,15,14
5,0.60205078125,1814,654,135,37,25,13
6,0.60009765625,1892,707,52,94,1,0
6,0.892578125,1169,687,178,98,2,1
6,0.86083984375,878,691,158,81,3,2
6,0.822265625,616,665,114,69,4,3
6,0.7548828125,955,657,93,52,5,4
6,0.68603515625,513,658,83,55,6,5
6,0.796875,814,653,108,66,7,6
6,0.716796875,448,650,65,49,8,7
6,0.77197265625,1061,667,115,79,9,8
6,0.505859375,746,647,54,48,11,10
6,0.7294921875,1401,681,245,118,12,11
6,0.556640625,1256,670,64,57,14,9
6,0.67919921875,1791,654,135,37,25,13
7,0.8974609375,1181,688,180,100,2,1
7,0.8671875,887,691,159,83,3,2
7,0.83203125,622,665,112,69,4,3
7,0.77880859375,961,656,94,53,5,4
7,0.7216796875,518,659,88,55,6,5
7,0.81982421875,818,654,108,67,7,6
7,0.73876953125,452,650,68,49,8,7
7,0.7578125,1069,667,116,81,9,8
7,0.73095703125,1412,682,248,118,12,11
7,0.6513671875,1267,671,62,56,14,9
7,0.60205078125,1766,654,132,37,25,13
8,0.90283203125,1192,688,182,100,2,1
8,0.8916015625,896,692,160,84,3,2
8,0.83740234375,627,666,113,70,4,3
8,0.70263671875,972,658,87,50,5,4
8,0.63720703125,519,658,83,56,6,5
8,0.7548828125,823,654,109,68,7,6
8,0.740234375,456,650,69,47,8,7
8,0.8408203125,1075,668,121,82,9,8
8,0.51171875,757,648,60,49,11,0
8,0.689453125,1423,683,250,118,12,11
8,0.529296875,1278,671,63,57,14,9
8,0.77880859375,1742,653,127,37,25,13
9,0.88427734375,1204,689,186,101,2,1
9,0.8759765625,906,692,162,85,3,2
9,0.8408203125,633,666,113,70,4,3
9,0.74462890625,978,659,92,48,5,4
9,0.56591796875,522,658,83,58,6,5
9,0.7744140625,827,654,110,67,7,6
9,0.7705078125,459,650,69,46,8,7
9,0.79296875,1082,668,120,81,9,8
9,0.552734375,760,648,55,49,11,0
9,0.7490234375,1433,683,253,119,12,11
9,0.6259765625,1288,672,61,56,14,9
9,0.76904296875,1720,653,125,36,25,13
9,0.56201171875,725,640,82,53,28,10
10,0.8955078125,1216,690,186,101,2,1
10,0.8759765625,915,693,164,86,3,2
10,0.8408203125,638,667,114,71,4,3
10,0.7490234375,983,659,92,49,5,4
10,0.6943359375,525,658,84,59,6,5
10,0.822265625,832,655,112,67,7,6
10,0.7890625,464,651,71,46,8,7
10,0.77197265625,1090,668,121,82,9,8
10,0.7705078125,1444,684,253,119,12,11
10,0.80810546875,1698,652,125,36,25,13
10,0.6298828125,729,640,81,53,28,10
11,0.89013671875,1228,691,188,104,2,1
11,0.87646484375,924,695,165,85,3,2
11,0.83349609375,643,667,115,71,4,3
11,0.751953125,988,660,95,49,5,4
11,0.611328125,530,659,86,59,6,5
11,0.77587890625,836,655,111,67,7,6
11,0.63720703125,466,651,72,47,8,7
11,0.77978515625,1098,669,120,84,9,8
11,0.552734375,768,649,56,51,11,0
11,0.79052734375,1457,684,249,120,12,11
11,0.5,1313,673,64,57,14,9
11,0.57568359375,511,615,74,45,15,12
11,0.7041015625,1676,651,123,35,25,13
11,0.52734375,733,641,83,54,28,10
12,0.9033203125,1240,691,190,104,2,1
12,0.8896484375,935,695,169,86,3,2
12,0.841796875,648,667,115,71,4,3
12,0.7734375,995,660,98,50,5,4
12,0.658203125,536,659,92,59,6,5
12,0.830078125,841,655,113,67,7,6
12,0.80908203125,1102,670,130,86,9,8
12,0.7734375,1468,685,251,120,12,11
12,0.63525390625,512,616,77,47,15,12
12,0.7216796875,1656,650,120,35,25,13
13,0.89111328125,1253,693,193,106,2,1
13,0.89697265625,945,696,171,86,3,2
13,0.86083984375,654,668,116,72,4,3
13,0.7744140625,1002,660,100,50,5,4
13,0.658203125,540,659,95,59,6,5
13,0.810546875,846,655,112,68,7,6
13,0.5234375,477,652,70,48,8,0
13,0.81884765625,1108,670,136,86,9,8
13,0.525390625,778,649,49,51,11,7
13,0.83984375,1481,686,252,121,12,11
13,0.62060546875,514,616,77,46,15,12
13,0.525390625,248,645,77,48,18,9
13,0.5078125,309,643,56,43,19,10
13,0.67919921875,1634,650,121,36,25,13
13,0.63330078125,741,640,84,54,28,14
14,0.896484375,1266,693,194,106,2,1
14,0.89013671875,956,697,173,87,3,2
14,0.85498046875,659,668,117,73,4,3
14,0.7958984375,1008,660,101,50,5,4
14,0.7373046875,544,659,95,61,6,5
14,0.806640625,850,656,111,68,7,6
14,0.63720703125,479,652,71,47,8,0
14,0.80419921875,1118,670,134,86,9,8
14,0.5078125,783,650,53,51,11,7
14,0.75634765625,1491,686,257,122,12,11
14,0.62451171875,517,615,77,46,15,12
14,0.55810546875,1621,651,103,37,25,13
15,0.89892578125,1278,694,197,108,2,1
15,0.8798828125,966,697,175,89,3,2
15,0.85302734375,665,669,117,74,4,3
15,0.732421875,1015,660,102,49,5,4
15,0.71875,549,661,96,60,6,5
15,0.79296875,856,656,113,69,7,6
15,0.66357421875,482,652,72,46,8,0
15,0.810546875,1127,671,135,84,9,8
15,0.7490234375,1503,687,257,123,12,11
15,0.662109375,519,614,78,44,15,12
15,0.50390625,256,645,77,48,18,9
15,0.57177734375,1610,650,79,35,25,13
16,0.9033203125,1292,695,200,109,2,1
16,0.89404296875,976,698,177,90,3,2
16,0.85791015625,671,669,119,74,4,3
16,0.7294921875,1021,660,100,49,5,4
16,0.74169921875,553,662,97,58,6,5
16,0.8017578125,860,656,114,70,7,6
16,0.640625,484,652,74,48,8,0
16,0.82568359375,1133,672,144,86,9,8
16,0.552734375,791,650,54,51,11,7
16,0.57763671875,1516,687,258,124,12,11
16,0.529296875,1371,666,59,40,14,10
16,0.6259765625,521,615,78,46,15,12
16,0.6318359375,260,646,74,47,18,9
16,0.525390625,313,641,59,45,19,14
16,0.67578125,754,640,86,54,28,15
17,0.90380859375,1305,696,203,109,2,1
17,0.884765625,987,699,179,89,3,2
17,0.8671875,676,669,120,74,4,3
17,0.716796875,1028,661,102,50,5,4
17,0.83642578125,557,664,98,55,6,5
17,0.76904296875,865,657,118,69,7,6
17,0.62255859375,487,651,74,49,8,0
17,0.81884765625,1145,673,145,85,9,8
17,0.6318359375,1528,688,260,125,12,11
17,0.58154296875,524,615,80,47,15,12
17,0.529296875,1527,688,260,124,37,13
18,0.89697265625,1320,697,208,111,2,1
18,0.884765625,998,700,182,90,3,2
18,0.8642578125,682,669,121,75,4,3
18,0.763671875,1034,662,103,50,5,4
18,0.796875,561,664,99,56,6,5
18,0.81884765625,870,657,117,70,7,6
18,0.63330078125,491,651,72,48,8,0
18,0.77978515625,1155,673,147,86,9,8
18,0.59619140625,802,650,54,51,11,7
18,0.72314453125,1542,689,263,126,12,11
18,0.56201171875,527,615,82,47,15,12
18,0.62255859375,268,648,76,48,18,9
18,0.529296875,316,642,60,46,19,10
19,0.89892578125,1333,698,212,111,2,1
19,0.8740234375,1009,701,184,91,3,2
19,0.86962890625,688,670,121,75,4,3
19,0.68408203125,1041,662,102,51,5,4
19,0.83642578125,565,664,101,56,6,5
19,0.82666015625,874,657,121,71,7,6
19,0.68603515625,496,652,73,48,8,0
19,0.85693359375,1163,673,153,87,9,8
19,0.57958984375,806,650,54,52,11,7
19,0.58154296875,1554,689,264,126,12,11
19,0.62060546875,531,617,84,51,15,12
19,0.57568359375,271,649,76,50,18,9
19,0.5546875,319,643,60,45,19,10
20,0.90869140625,1348,699,215,112,2,1
20,0.8916015625,1020,702,186,93,3,2
20,0.8818359375,694,670,122,76,4,3
20,0.63525390625,1049,663,107,52,5,4
20,0.83544921875,569,664,101,57,6,5
20,0.8427734375,880,658,119,71,7,6
20,0.69287109375,501,653,74,49,8,0
20,0.8427734375,1173,673,158,87,9,8
20,0.5869140625,811,650,55,52,11,7
20,0.83984375,1567,689,264,127,12,11
20,0.57177734375,533,616,83,49,15,12
20,0.662109375,275,650,76,50,18,9
20,0.537109375,321,644,60,43,19,10
21,0.9052734375,1363,699,215,112,2,1
21,0.87841796875,1031,703,188,93,3,2
21,0.8681640625,700,671,124,76,4,3
21,0.53515625,1054,662,107,49,5,4
21,0.810546875,574,665,103,57,6,5
21,0.83349609375,883,658,124,72,7,6
21,0.67919921875,504,653,75,49,8,0
21,0.865234375,1182,674,165,88,9,8
21,0.56396484375,814,651,54,52,11,7
21,0.6318359375,1580,690,268,128,12,11
21,0.56005859375,537,615,83,48,15,12
21,0.7138671875,278,650,76,50,18,9
22,0.8984375,1380,700,220,115,2,1
22,0.8818359375,1043,704,192,94,3,2
22,0.86865234375,706,671,124,76,4,3
22,0.56005859375,1061,662,105,48,5,4
22,0.82568359375,578,665,101,59,6,5
22,0.83740234375,888,658,124,72,7,6
22,0.6494140625,509,653,75,50,8,0
22,0.8681640625,1191,675,171,89,9,8
22,0.6533203125,1594,690,268,129,12,11
22,0.7138671875,281,650,77,49,18,9
22,0.537109375,1592,690,265,128,47,10
23,0.90478515625,1395,701,226,116,2,1
23,0.8818359375,1055,705,193,94,3,2
23,0.875,712,671,126,77,4,3
23,0.52734375,1067,661,105,47,5,4
23,0.8232421875,582,666,102,59,6,5
23,0.8115234375,891,658,127,73,7,6
23,0.642578125,512,654,73,49,8,0
23,0.865234375,1199,675,178,91,9,8
23,0.5947265625,1462,654,78,48,10,7
23,0.501953125,1607,691,270,130,12,11
23,0.69775390625,285,649,78,50,18,9
24,0.90478515625,1410,703,226,117,2,1
24,0.88427734375,1067,706,197,96,3,2
24,0.8740234375,719,672,128,77,4,3
24,0.806640625,586,667,104,59,6,5
24,0.85400390625,897,659,127,73,7,6
24,0.83984375,1209,675,180,91,9,8
24,0.8154296875,1621,693,270,132,12,11
24,0.74169921875,289,650,79,51,18,9
25,0.90283203125,1425,704,228,118,2,1
25,0.88720703125,1079,706,199,97,3,2
25,0.873046875,725,673,129,78,4,3
25,0.515625,1083,659,106,42,5,0
25,0.806640625,591,667,105,59,6,5
25,0.8447265625,902,659,126,73,7,6
25,0.82568359375,1218,676,182,91,9,8
25,0.7919921875,1633,694,274,133,12,11
25,0.525390625,539,629,99,74,15,4
25,0.72314453125,293,649,80,52,18,9
26,0.91162109375,1441,705,232,119,2,1
26,0.88623046875,1092,708,202,98,3,2
26,0.8740234375,731,673,130,79,4,3
26,0.81298828125,597,666,104,61,6,5
26,0.85400390625,908,659,126,73,7,6
26,0.83447265625,1227,676,184,94,9,8
26,0.548828125,837,652,49,53,11,7
26,0.7294921875,1645,695,280,134,12,11
26,0.53515625,541,633,103,83,15,4
26,0.6826171875,297,649,82,53,18,9
26,0.513671875,653,643,50,35,44,10
27,0.90966796875,1458,705,236,119,2,1
27,0.89306640625,1105,708,204,100,3,2
27,0.880859375,738,674,131,79,4,3
27,0.525390625,1094,652,100,30,5,0
27,0.81982421875,601,666,108,60,6,5
27,0.87158203125,912,659,127,74,7,6
27,0.541015625,525,654,70,51,8,12
27,0.806640625,1236,677,184,93,9,8
27,0.517578125,841,651,44,53,11,7
27,0.708984375,1660,695,278,135,12,11
27,0.673828125,303,650,78,53,18,9
27,0.51171875,1393,643,95,30,25,13
27,0.505859375,657,643,54,35,44,10
28,0.91259765625,1475,706,240,119,2,1
28,0.9033203125,1118,710,206,101,3,2
28,0.8857421875,745,674,131,80,4,3
28,0.638671875,1102,652,99,30,5,0
28,0.80078125,607,667,105,60,6,5
28,0.84912109375,917,660,128,75,7,6
28,0.66357421875,531,655,73,50,8,12
28,0.74462890625,1246,677,183,94,9,8
28,0.5927734375,846,652,43,54,11,7
28,0.76904296875,1670,696,291,136,12,11
28,0.73388671875,554,619,91,56,15,4
28,0.505859375,411,629,44,30,16,14
28,0.75341796875,307,650,79,53,18,9
28,0.505859375,659,644,54,35,44,10
29,0.90380859375,1491,708,244,122,2,1
29,0.89404296875,1131,711,209,103,3,2
29,0.884765625,752,675,133,80,4,3
29,0.6279296875,1108,652,99,30,5,0
29,0.79296875,611,668,108,61,6,5
29,0.85888671875,922,660,129,75,7,6
29,0.6806640625,535,654,72,50,8,12
29,0.638671875,1253,677,188,94,9,8
29,0.544921875,850,652,41,55,11,7
29,0.53515625,1696,696,270,136,12,11
29,0.662109375,558,615,87,47,15,4
29,0.673828125,309,650,81,54,18,9
29,0.56787109375,1361,657,99,58,25,13
30,0.91552734375,1510,709,248,124,2,1
30,0.8955078125,1144,712,212,104,3,2
30,0.888671875,758,675,134,81,4,3
30,0.67919921875,1117,653,100,31,5,0
30,0.82666015625,617,668,107,60,6,5
30,0.86962890625,928,660,128,74,7,6
30,0.56787109375,562,614,84,47,15,4
30,0.68603515625,314,651,83,53,18,9
30,0.505859375,667,645,53,36,44,10
31,0.91943359375,1528,711,251,126,2,1
31,0.8984375,1159,713,215,105,3,2
31,0.884765625,765,675,136,82,4,3
31,0.70556640625,1124,655,101,33,5,0
31,0.8291015625,621,669,110,61,6,5
31,0.8818359375,933,660,129,74,7,6
31,0.56201171875,542,655,71,49,8,7
31,0.53515625,1271,678,189,96,9,8
31,0.60205078125,1731,697,260,139,12,11
31,0.55810546875,565,614,84,48,15,4
31,0.70263671875,317,651,83,54,18,9
31,0.513671875,671,644,53,36,44,10
31,0.59814453125,1349,642,73,28,72,12
32,0.92138671875,1547,713,256,128,2,1
32,0.89697265625,1173,714,220,106,3,2
32,0.89013671875,773,675,136,82,4,3
32,0.74462890625,1133,657,103,36,5,0
32,0.83447265625,626,669,111,61,6,5
32,0.80078125,937,660,131,75,7,6
32,0.63330078125,1279,679,190,96,9,8
32,0.68408203125,1747,698,264,140,12,11
32,0.517578125,568,612,84,45,15,4
32,0.51171875,420,629,42,29,16,13
32,0.6943359375,323,651,86,55,18,9
32,0.6318359375,674,644,53,36,44,10
33,0.91064453125,1565,714,260,129,2,1
33,0.89697265625,1187,715,224,107,3,2
33,0.892578125,780,676,137,83,4,3
33,0.7294921875,1141,660,106,42,5,0
33,0.85009765625,631,670,112,61,6,5
33,0.830078125,944,661,130,76,7,6
33,0.59619140625,560,656,83,53,8,7
33,0.6279296875,1287,680,194,96,9,8
33,0.73583984375,1763,699,264,141,12,11
33,0.642578125,570,612,85,43,15,4
33,0.529296875,422,630,42,30,16,13
33,0.7646484375,327,651,86,55,18,9
33,0.64794921875,677,644,54,36,44,10
33,0.525390625,1870,692,95,90,81,12
34,0.9091796875,1585,715,266,129,2,1
34,0.91064453125,1201,717,227,109,3,2
34,0.86962890625,788,677,140,83,4,3
34,0.7734375,1149,662,107,45,5,0
34,0.8388671875,636,671,112,62,6,5
34,0.822265625,949,662,129,76,7,6
34,0.501953125,1780,700,266,143,12,11
34,0.7841796875,334,652,93,56,18,9
34,0.5908203125,681,644,55,37,44,10
35,0.90966796875,1605,716,271,130,2,1
35,0.9033203125,1216,719,230,110,3,2
35,0.8740234375,795,677,141,83,4,3
35,0.77734375,1157,664,110,48,5,0
35,0.822265625,642,670,113,63,6,5
35,0.8671875,955,662,131,76,7,6
35,0.509765625,1311,679,185,99,9,4
35,0.5390625,1792,701,255,145,12,11
35,0.8115234375,339,651,95,57,18,9
35,0.61328125,684,645,55,37,44,10
36,0.92578125,1625,718,275,133,2,1
36,0.9013671875,1231,720,233,112,3,2
36,0.884765625,802,678,141,84,4,3
36,0.7548828125,1165,665,108,51,5,0
36,0.83447265625,647,671,114,64,6,5
36,0.86962890625,961,662,130,76,7,6
36,0.6875,575,657,83,54,8,7
36,0.71533203125,1332,681,163,98,9,4
36,0.8291015625,1799,701,240,145,12,11
36,0.548828125,385,636,61,50,17,8
36,0.81884765625,343,651,95,57,18,9
36,0.552734375,688,645,55,37,44,10
37,0.916015625,1646,719,279,134,2,1
37,0.90673828125,1247,721,237,114,3,2
37,0.87744140625,810,679,143,84,4,3
37,0.7734375,1174,667,108,54,5,0
37,0.83544921875,652,671,116,64,6,5
37,0.85595703125,965,662,133,77,7,6
37,0.5546875,581,657,92,54,8,7
37,0.63525390625,1346,681,155,98,9,4
37,0.70068359375,1809,702,221,146,12,11
37,0.517578125,387,636,63,49,17,8
37,0.8232421875,346,651,93,58,18,9
37,0.51171875,861,639,63,51,28,12
37,0.59619140625,691,645,54,37,44,10
37,0.55810546875,581,635,94,91,86,13
37,0.5078125,1256,644,79,35,93,14
38,0.91845703125,1668,720,286,137,2,1
38,0.9091796875,1263,722,242,115,3,2
38,0.8798828125,817,679,145,84,4,3
38,0.78271484375,1181,668,108,55,5,0
38,0.83740234375,658,672,118,64,6,5
38,0.8427734375,971,662,132,77,7,6
38,0.62060546875,582,657,91,54,8,7
38,0.7744140625,1358,682,153,99,9,4
38,0.78662109375,1813,702,213,147,12,11
38,0.525390625,390,636,64,49,17,8
38,0.8232421875,350,651,91,58,18,9
38,0.64794921875,694,645,53,37,44,10
38,0.53125,584,635,93,91,86,13
38,0.62451171875,1253,645,75,37,93,14
39,0.92041015625,1689,722,288,139,2,1
39,0.89892578125,1279,723,247,115,3,2
39,0.8798828125,825,680,146,86,4,3
39,0.78125,1191,668,110,55,5,0
39,0.8447265625,664,672,118,65,6,5
39,0.85205078125,976,663,132,77,7,6
39,0.69921875,587,657,89,53,8,7
39,0.74169921875,1369,682,153,100,9,4
39,0.78271484375,1824,703,191,147,12,11
39,0.56005859375,588,620,89,62,15,12
39,0.5234375,392,636,66,49,17,8
39,0.845703125,353,652,90,58,18,9
39,0.67578125,698,646,54,36,44,10
39,0.56591796875,523,635,53,42,66,15
40,0.90966796875,1713,722,295,143,2,1
40,0.89990234375,1295,725,247,117,3,2
40,0.87646484375,833,680,147,87,4,3
40,0.7880859375,1200,669,110,57,5,0
40,0.8388671875,669,672,118,66,6,5
40,0.85986328125,982,663,134,78,7,6
40,0.6513671875,597,657,77,54,8,7
40,0.73388671875,1832,703,174,146,12,11
40,0.50390625,397,636,64,49,17,8
40,0.810546875,358,652,90,59,18,9
40,0.6279296875,701,646,56,36,44,10
40,0.5888671875,591,634,91,87,86,13
40,0.56396484375,1233,643,68,34,93,14
41,0.91259765625,1736,721,301,150,2,1
41,0.92041015625,1312,726,253,119,3,2
41,0.8818359375,841,681,148,88,4,3
41,0.74755859375,1209,670,111,58,5,0
41,0.85205078125,674,673,120,65,6,5
41,0.85009765625,987,663,135,79,7,6
41,0.61669921875,601,657,78,55,8,7
41,0.6318359375,1840,704,159,148,12,11
41,0.521484375,594,625,90,68,15,4
41,0.52734375,400,636,63,49,17,8
41,0.82080078125,362,652,90,59,18,9
41,0.55078125,704,646,57,36,44,10
42,0.9072265625,1759,724,308,146,2,1
42,0.91650390625,1330,727,259,120,3,2
42,0.875,850,682,151,89,4,3
42,0.810546875,1219,671,113,59,5,0
42,0.85107421875,681,674,121,66,6,5
42,0.83544921875,989,663,142,79,7,6
42,0.615234375,605,657,82,54,8,7
42,0.60009765625,1848,694,142,127,12,11
42,0.8388671875,366,653,90,58,18,9
42,0.5546875,598,635,95,89,86,12
43,0.921875,1773,727,292,146,2,1
43,0.90185546875,1348,728,264,121,3,2
43,0.88720703125,858,682,155,89,4,3
43,0.796875,1228,671,114,59,5,0
43,0.84375,686,674,122,66,6,5
43,0.8681640625,991,664,151,79,7,6
43,0.73876953125,607,658,88,55,8,7
43,0.50390625,1408,682,158,98,9,4
43,0.716796875,1856,678,127,95,12,11
43,0.58154296875,601,624,93,63,15,8
43,0.82763671875,371,654,91,58,18,9
44,0.92236328125,1784,729,270,147,2,1
44,0.8896484375,1366,730,269,123,3,2
44,0.888671875,866,683,154,91,4,3
44,0.85302734375,1237,672,114,60,5,0
44,0.85693359375,692,674,123,67,6,5
44,0.81884765625,998,665,149,79,7,6
44,0.611328125,611,658,91,55,8,7
44,0.501953125,1419,680,160,91,9,4
44,0.71533203125,1863,670,109,79,12,11
44,0.81982421875,375,654,90,58,18,9
44,0.533203125,604,637,98,87,86,10
44,0.56201171875,1177,638,74,26,93,12
45,0.90283203125,1795,731,248,148,2,1
45,0.90380859375,1384,732,273,124,3,2
45,0.8740234375,875,683,155,91,4,3
45,0.8310546875,1247,673,116,61,5,0
45,0.85888671875,699,674,124,68,6,5
45,0.84716796875,1002,665,154,80,7,6
45,0.75341796875,614,658,92,54,8,7
45,0.56005859375,1872,664,93,64,12,11
45,0.60595703125,606,625,96,62,15,8
45,0.8310546875,380,654,92,58,18,9
45,0.5234375,1166,638,76,26,93,12
45,0.71875,1398,677,222,82,95,13
46,0.8974609375,1807,732,224,148,2,1
46,0.8974609375,1404,734,278,124,3,2
46,0.8798828125,884,684,158,92,4,3
46,0.8388671875,1255,673,116,61,5,0
46,0.86328125,705,675,125,69,6,5
46,0.86083984375,1008,665,154,79,7,6
46,0.7919921875,619,658,93,54,8,7
46,0.68603515625,610,625,93,62,15,8
46,0.8154296875,385,655,93,58,18,9
46,0.5830078125,1155,638,77,27,93,12
46,0.6298828125,1410,676,222,83,95,13
47,0.8916015625,1819,733,200,150,2,1
47,0.89892578125,1423,736,284,126,3,2
47,0.884765625,893,684,159,93,4,3
47,0.84912109375,1264,674,116,62,5,0
47,0.85400390625,711,675,126,70,6,5
47,0.85498046875,1014,665,156,80,7,6
47,0.73388671875,623,658,94,55,8,7
47,0.67236328125,614,627,92,66,15,8
47,0.81884765625,390,655,94,59,18,9
47,0.56591796875,1145,638,77,26,93,12
47,0.76611328125,1422,675,224,82,95,13
48,0.88330078125,1832,733,175,145,2,1
48,0.91552734375,1443,737,288,126,3,2
48,0.8857421875,901,685,160,93,4,3
48,0.85009765625,1273,674,117,63,5,0
48,0.84814453125,718,675,127,71,6,5
48,0.84375,1021,665,152,80,7,6
48,0.732421875,627,659,93,56,8,7
48,0.7216796875,617,629,93,67,15,8
48,0.8154296875,394,655,95,60,18,9
48,0.59619140625,1135,638,76,26,93,12
48,0.75048828125,1431,674,226,81,95,13
49,0.8642578125,1844,732,151,144,2,1
49,0.90576171875,1464,739,294,128,3,2
49,0.89111328125,911,686,162,95,4,3
49,0.84814453125,1283,675,117,64,5,0
49,0.8388671875,724,677,128,68,6,5
49,0.84912109375,1026,666,155,81,7,6
49,0.78125,632,660,91,55,8,7
49,0.75634765625,621,631,97,72,15,8
49,0.82666015625,399,655,98,61,18,9
49,0.55810546875,1124,638,77,25,93,12
49,0.7294921875,1442,672,229,75,95,13
50,0.83740234375,1857,733,125,144,2,1
50,0.91259765625,1485,741,299,132,3,2
50,0.8857421875,920,686,163,95,4,3
50,0.7841796875,1295,675,122,64,5,0
50,0.83642578125,730,678,128,69,6,5
50,0.865234375,1032,666,156,81,7,6
50,0.76904296875,637,660,93,56,8,7
50,0.76904296875,623,632,99,77,15,8
50,0.80908203125,403,656,101,61,18,9
50,0.505859375,1118,637,67,25,93,12
50,0.64794921875,1454,670,228,68,95,13
51,0.84716796875,1871,734,97,144,2,1
51,0.92138671875,1506,743,307,134,3,2
51,0.88818359375,929,687,164,96,4,3
51,0.56591796875,1314,675,141,65,5,0
51,0.83642578125,738,678,130,70,6,5
51,0.85498046875,1039,666,156,82,7,6
51,0.767578125,643,660,93,56,8,7
51,0.607421875,1468,670,226,71,9,4
51,0.71875,625,632,99,79,15,8
51,0.80078125,408,656,103,62,18,9
51,0.57568359375,1112,637,57,25,93,12
52,0.796875,1884,737,68,146,2,1
52,0.91162109375,1529,744,311,136,3,2
52,0.888671875,939,688,167,97,4,3
52,0.84912109375,1317,676,129,65,5,0
52,0.83642578125,744,678,131,71,6,5
52,0.85986328125,1047,666,156,82,7,6
52,0.77197265625,647,660,95,57,8,7
52,0.83349609375,1478,671,229,73,9,4
52,0.73583984375,628,632,98,79,15,8
52,0.80322265625,415,656,101,63,18,9
53,0.67236328125,1898,742,39,138,2,1
53,0.9189453125,1551,746,320,137,3,2
53,0.88818359375,949,689,170,97,4,3
53,0.85107421875,1325,677,125,65,5,0
53,0.85693359375,752,679,132,72,6,5
53,0.84814453125,1054,667,154,82,7,6
53,0.77734375,653,661,93,56,8,7
53,0.70751953125,1483,673,222,75,9,4
53,0.8056640625,633,633,97,78,15,8
53,0.79443359375,421,657,98,62,18,9
53,0.513671875,560,636,58,44,66,10
53,0.6318359375,1877,709,84,81,81,11
53,0.501953125,300,632,40,25,90,12
54,0.9130859375,1575,748,324,140,3,2
54,0.89697265625,959,689,173,98,4,3
54,0.8759765625,1333,678,122,64,5,0
54,0.873046875,758,680,134,73,6,5
54,0.8671875,1061,667,153,83,7,6
54,0.7734375,658,661,95,57,8,7
54,0.70068359375,1496,682,227,92,9,4
54,0.7705078125,638,634,97,79,15,8
54,0.7919921875,427,657,98,61,18,9
54,0.552734375,565,637,61,45,66,10
54,0.54296875,301,631,41,26,90,12
55,0.91650390625,1599,749,331,144,3,2
55,0.89404296875,969,690,174,100,4,3
55,0.85693359375,1344,679,122,65,5,0
55,0.861328125,765,680,136,74,6,5
55,0.86865234375,1068,667,153,85,7,6
55,0.83544921875,662,661,97,57,8,7
55,0.77978515625,1503,686,222,99,9,4
55,0.7841796875,641,633,96,78,15,8
55,0.796875,431,658,100,62,18,9
55,0.541015625,302,630,42,27,90,12
56,0.921875,1624,753,338,143,3,2
56,0.8955078125,980,691,176,100,4,3
56,0.8447265625,1354,679,123,66,5,0
56,0.87744140625,772,681,136,73,6,5
56,0.8740234375,1076,667,151,85,7,6
56,0.8388671875,668,662,96,58,8,7
56,0.86865234375,1514,688,225,102,9,4
56,0.80322265625,644,632,95,80,15,8
56,0.81298828125,436,658,102,63,18,9
56,0.57958984375,571,637,64,46,66,1
57,0.92431640625,1650,756,345,145,3,2
57,0.900390625,989,691,176,102,4,3
57,0.8232421875,1366,679,127,67,5,0
57,0.87841796875,779,682,139,73,6,5
57,0.86962890625,1082,667,150,86,7,6
57,0.81982421875,675,662,97,59,8,7
57,0.861328125,1528,690,230,103,9,4
57,0.77880859375,648,633,94,79,15,8
57,0.83984375,442,658,102,64,18,9
57,0.51171875,366,630,52,42,99,10
57,0.53515625,388,650,39,50,111,11
58,0.9228515625,1675,758,355,146,3,2
58,0.89306640625,1000,692,179,102,4,3
58,0.822265625,1377,680,130,67,5,0
58,0.8759765625,786,682,139,74,6,5
58,0.8623046875,1089,667,151,88,7,6
58,0.78662109375,681,662,100,58,8,7
58,0.87890625,1543,690,237,104,9,4
58,0.716796875,652,634,95,78,15,8
58,0.83349609375,448,659,102,64,18,9
58,0.5390625,367,630,51,43,99,10
58,0.53125,395,649,48,52,111,11
59,0.9267578125,1702,761,362,148,3,2
59,0.9072265625,1010,693,182,103,4,3
59,0.8388671875,1389,681,131,67,5,0
59,0.8759765625,794,683,139,73,6,5
59,0.85888671875,1096,668,152,86,7,6
59,0.8056640625,688,663,103,59,8,7
59,0.88720703125,1557,691,242,104,9,4
59,0.75634765625,655,634,96,78,15,8
59,0.822265625,453,660,103,63,18,9
59,0.541015625,369,630,50,43,99,10
59,0.58154296875,400,649,53,52,111,11
60,0.9228515625,1728,763,370,150,3,2
60,0.89501953125,1021,694,184,103,4,3
60,0.85595703125,1400,681,132,67,5,0
60,0.8798828125,801,684,141,73,6,5
60,0.85400390625,1103,668,152,87,7,6
60,0.81982421875,694,663,105,60,8,7
60,0.875,1570,692,246,106,9,4
60,0.8310546875,658,633,96,81,15,8
60,0.8173828125,459,660,103,64,18,9
60,0.6533203125,405,649,58,53,111,11
60,0.57763671875,970,648,119,65,119,1
61,0.92236328125,1744,765,351,152,3,2
61,0.8955078125,1032,694,186,105,4,3
61,0.861328125,1412,682,132,68,5,0
61,0.87255859375,808,684,144,74,6,5
61,0.861328125,1111,668,152,87,7,6
61,0.830078125,701,663,107,61,8,7
61,0.89306640625,1582,693,249,107,9,4
61,0.82666015625,661,632,97,83,15,8
61,0.806640625,466,661,104,64,18,9
61,0.63720703125,1345,646,80,20,72,10
61,0.505859375,373,630,52,43,99,12
61,0.6513671875,408,648,58,56,111,11
61,0.521484375,975,648,121,66,119,1
62,0.9189453125,1756,768,326,155,3,2
62,0.900390625,1043,695,188,107,4,3
62,0.875,1423,683,132,69,5,0
62,0.8798828125,816,685,145,73,6,5
62,0.85986328125,1117,669,152,87,7,6
62,0.80419921875,706,664,107,61,8,7
62,0.880859375,1595,694,251,108,9,4
62,0.81396484375,666,632,101,83,15,8
62,0.8173828125,471,661,104,64,18,9
62,0.609375,1338,646,85,19,72,10
62,0.50390625,375,630,53,43,99,12
62,0.6259765625,412,648,59,58,111,11
63,0.923828125,1769,771,300,158,3,2
63,0.88427734375,1055,696,191,107,4,3
63,0.8681640625,1436,683,136,69,5,0
63,0.884765625,824,686,146,75,6,5
63,0.83984375,1125,670,153,88,7,6
63,0.8408203125,711,665,108,61,8,7
63,0.88427734375,1609,696,256,110,9,4
63,0.8173828125,670,632,99,84,15,8
63,0.82666015625,477,662,105,65,18,9
63,0.515625,592,638,66,46,66,1
63,0.62255859375,1326,646,83,20,72,10
63,0.5234375,378,630,55,43,99,12
63,0.63525390625,414,648,58,59,111,11
63,0.71240234375,987,650,125,68,119,13
64,0.927734375,1783,774,273,160,3,2
64,0.8974609375,1065,697,196,109,4,3
64,0.884765625,1447,684,137,69,5,0
64,0.888671875,832,687,149,76,6,5
64,0.84716796875,1132,670,152,88,7,6
64,0.8115234375,716,665,109,61,8,7
64,0.888671875,1623,698,260,113,9,4
64,0.7890625,674,633,101,84,15,8
64,0.85302734375,483,662,107,66,18,9
64,0.6494140625,1314,646,85,21,72,10
64,0.56591796875,379,630,55,43,99,12
64,0.6826171875,418,649,60,58,111,11
64,0.732421875,995,650,128,68,119,13
65,0.91845703125,1797,777,245,163,3,2
65,0.900390625,1077,698,198,108,4,3
65,0.8740234375,1460,685,140,70,5,0
65,0.888671875,840,687,150,77,6,5
65,0.85498046875,1140,670,152,90,7,6
65,0.83447265625,723,665,109,61,8,7
65,0.88427734375,1635,699,264,114,9,4
65,0.8115234375,679,633,103,84,15,8
65,0.85595703125,489,663,108,67,18,9
65,0.66552734375,1300,645,82,21,72,10
65,0.61669921875,382,630,58,43,99,12
65,0.66552734375,423,649,62,59,111,11
65,0.763671875,1002,650,130,68,119,13
66,0.89892578125,1811,777,216,160,3,2
66,0.90185546875,1090,699,199,109,4,3
66,0.8662109375,1473,685,143,71,5,0
66,0.880859375,848,688,151,77,6,5
66,0.8408203125,1148,670,152,90,7,6
66,0.85595703125,729,666,108,61,8,7
66,0.8798828125,1651,701,268,116,9,4
66,0.8388671875,681,633,100,84,15,8
66,0.84375,495,662,108,67,18,9
66,0.5927734375,604,639,65,46,66,1
66,0.51953125,1287,645,81,21,72,10
66,0.58154296875,383,630,57,43,99,12
66,0.689453125,427,650,65,58,111,11
66,0.76611328125,1007,650,130,69,119,13
67,0.89501953125,1826,776,187,151,3,2
67,0.8984375,1102,701,201,109,4,3
67,0.8759765625,1485,686,144,71,5,0
67,0.8759765625,856,689,152,77,6,5
67,0.80419921875,1155,671,153,90,7,6
67,0.85205078125,737,666,112,61,8,7
67,0.8857421875,1665,701,272,118,9,4
67,0.8232421875,685,634,101,83,15,8
67,0.85009765625,500,663,107,68,18,9
67,0.60595703125,385,631,59,44,99,12
67,0.751953125,431,650,68,58,111,11
67,0.59619140625,1010,650,137,68,119,13
68,0.90185546875,1841,776,156,148,3,2
68,0.8974609375,1115,702,203,109,4,3
68,0.888671875,1497,687,144,71,5,0
68,0.892578125,864,690,154,78,6,5
68,0.81884765625,1163,671,153,91,7,6
68,0.82666015625,743,666,114,62,8,7
68,0.89501953125,1680,702,278,120,9,4
68,0.8115234375,689,634,105,83,15,8
68,0.81298828125,506,664,107,69,18,9
68,0.64404296875,609,639,69,47,66,1
68,0.609375,388,631,62,44,99,12
68,0.7734375,434,651,70,57,111,11
68,0.62255859375,1010,651,154,68,119,13
69,0.8818359375,1857,779,124,146,3,2
69,0.9052734375,1127,703,205,110,4,3
69,0.865234375,1510,687,146,72,5,0
69,0.88330078125,873,690,155,79,6,5
69,0.78515625,1171,671,153,90,7,6
69,0.79296875,750,667,116,62,8,7
69,0.87890625,1694,702,282,122,9,4
69,0.8232421875,692,634,103,85,15,8
69,0.80810546875,512,665,109,69,18,9
69,0.546875,612,639,72,48,66,1
69,0.51171875,391,631,64,44,99,12
69,0.74609375,438,651,72,56,111,11
69,0.60009765625,1011,652,169,70,119,13
69,0.68408203125,1846,681,146,91,128,10
70,0.84814453125,1873,783,92,143,3,2
70,0.91357421875,1140,704,209,113,4,3
70,0.8662109375,1523,688,149,72,5,0
70,0.87646484375,881,691,158,80,6,5
70,0.79443359375,1178,671,154,88,7,6
70,0.8310546875,755,668,116,61,8,7
70,0.9013671875,1708,703,283,125,9,4
70,0.80078125,696,633,104,86,15,8
70,0.81884765625,519,665,111,69,18,9
70,0.541015625,616,639,73,48,66,1
70,0.689453125,442,652,73,56,111,11
70,0.73095703125,1027,652,148,70,119,13
70,0.6318359375,1848,685,142,98,128,10
71,0.8115234375,1890,791,58,135,3,2
71,0.89306640625,1153,705,212,114,4,3
71,0.85205078125,1535,689,149,72,5,0
71,0.8798828125,890,691,159,82,6,5
71,0.75048828125,1185,669,156,84,7,6
71,0.8154296875,761,668,116,61,8,7
71,0.9111328125,1725,705,287,126,9,4
71,0.78271484375,701,634,105,85,15,8
71,0.85009765625,526,665,113,69,18,9
71,0.505859375,821,650,72,37,44,12
71,0.54296875,619,639,72,48,66,1
71,0.52734375,392,631,61,44,99,14
71,0.7373046875,446,652,75,58,111,11
71,0.7216796875,1039,652,138,71,119,13
72,0.51171875,1907,793,21,104,3,2
72,0.9091796875,1167,707,215,114,4,3
72,0.8671875,1549,690,150,73,5,0
72,0.88623046875,900,692,161,81,6,5
72,0.71533203125,1192,665,158,76,7,6
72,0.841796875,768,669,119,61,8,7
72,0.892578125,1739,707,289,127,9,4
72,0.845703125,703,633,103,86,15,8
72,0.841796875,532,665,114,70,18,9
72,0.5947265625,826,651,70,39,44,12
72,0.6318359375,622,639,71,47,66,1
72,0.505859375,328,629,45,30,90,10
72,0.55078125,392,631,58,44,99,14
72,0.796875,450,652,77,58,111,11
72,0.78662109375,1047,652,134,72,119,13
73,0.90869140625,1180,708,216,114,4,3
73,0.8623046875,1562,690,152,73,5,0
73,0.88427734375,908,693,162,82,6,5
73,0.79052734375,1199,662,160,70,7,6
73,0.85888671875,776,669,121,62,8,7
73,0.89892578125,1754,707,293,128,9,4
73,0.85595703125,708,633,104,86,15,8
73,0.85400390625,539,666,115,70,18,9
73,0.60205078125,830,652,69,40,44,12
73,0.64404296875,625,639,72,47,66,1
73,0.509765625,330,629,46,32,90,10
73,0.80419921875,454,652,80,60,111,11
73,0.806640625,1054,653,136,73,119,13
74,0.90673828125,1194,709,220,116,4,3
74,0.8642578125,1577,691,154,74,5,0
74,0.8974609375,918,694,163,82,6,5
74,0.79931640625,1207,661,163,66,7,6
74,0.865234375,782,670,121,62,8,7
74,0.87744140625,1769,708,295,131,9,4
74,0.85400390625,711,633,105,86,15,8
74,0.85302734375,546,666,114,71,18,9
74,0.6669921875,835,652,71,40,44,12
74,0.7294921875,627,639,74,47,66,1
74,0.544921875,395,632,57,45,99,2
74,0.81298828125,458,652,82,59,111,11
74,0.83349609375,1060,653,134,74,119,13
75,0.896484375,1209,710,222,117,4,3
75,0.85205078125,1590,691,156,76,5,0
75,0.880859375,927,695,165,83,6,5
75,0.71875,1214,660,164,63,7,6
75,0.85595703125,789,671,121,63,8,7
75,0.8974609375,1777,709,285,130,9,4
75,0.85595703125,716,634,107,87,15,8
75,0.85205078125,552,666,115,72,18,9
75,0.64794921875,841,653,69,41,44,12
75,0.658203125,631,639,74,47,66,1
75,0.56982421875,334,630,44,32,90,10
75,0.796875,463,653,84,59,111,11
75,0.83447265625,1068,654,135,73,119,13
76,0.90673828125,1224,711,224,118,4,3
76,0.85888671875,1604,692,156,76,5,0
76,0.89892578125,936,696,167,84,6,5
76,0.85107421875,796,671,124,64,8,7
76,0.87744140625,1784,710,270,130,9,4
76,0.84375,721,634,110,88,15,8
76,0.830078125,559,667,118,73,18,9
76,0.6259765625,846,653,69,42,44,12
76,0.63720703125,634,640,71,47,66,1
76,0.5849609375,335,630,44,32,90,10
76,0.76220703125,466,653,84,59,111,11
76,0.845703125,1075,654,135,74,119,13
77,0.90185546875,1239,713,227,120,4,3
77,0.86083984375,1618,693,156,77,5,0
77,0.90185546875,947,696,169,85,6,5
77,0.8623046875,803,671,126,64,8,7
77,0.8857421875,1790,711,258,130,9,4
77,0.8291015625,724,635,110,88,15,8
77,0.83349609375,565,667,118,73,18,9
77,0.658203125,850,653,69,42,44,12
77,0.56787109375,637,640,70,47,66,1
77,0.56396484375,337,630,45,32,90,10
77,0.611328125,401,632,60,44,99,2
77,0.79052734375,470,653,85,60,111,11
77,0.8427734375,1083,654,138,76,119,13
78,0.9013671875,1253,715,232,121,4,3
78,0.85791015625,1633,694,158,77,5,0
78,0.89697265625,956,697,170,86,6,5
78,0.55810546875,1226,652,154,49,7,6
78,0.87158203125,810,672,126,64,8,7
78,0.9130859375,1798,711,242,131,9,4
78,0.84716796875,728,634,109,90,15,8
78,0.8427734375,573,668,119,74,18,9
78,0.6494140625,855,653,71,42,44,12
78,0.57763671875,272,627,71,46,63,14
78,0.5830078125,641,640,73,48,66,1
78,0.611328125,337,630,46,32,90,10
78,0.6533203125,404,632,63,45,99,2
78,0.77978515625,474,654,88,59,111,11
78,0.80419921875,1089,652,139,81,119,13
78,0.5078125,1646,651,135,40,138,15
79,0.90478515625,1268,715,236,123,4,3
79,0.8662109375,1648,695,161,79,5,0
79,0.89013671875,966,698,173,87,6,5
79,0.85986328125,817,672,127,64,8,7
79,0.90869140625,1805,713,228,131,9,4
79,0.80078125,731,634,109,91,15,8
79,0.85009765625,579,668,122,75,18,9
79,0.66015625,859,653,71,43,44,12
79,0.5078125,274,628,72,45,63,14
79,0.552734375,645,641,74,48,66,1
79,0.66015625,405,632,64,46,99,2
79,0.77587890625,478,654,89,59,111,11
79,0.8173828125,1097,653,138,80,119,13
79,0.64404296875,1617,647,138,35,138,15
80,0.90869140625,1284,716,239,125,4,3
80,0.85205078125,1663,695,162,79,5,0
80,0.892578125,977,698,174,87,6,5
80,0.7138671875,1234,656,140,56,7,6
80,0.85888671875,824,672,128,65,8,7
80,0.90869140625,1813,714,213,131,9,4
80,0.85205078125,736,634,111,91,15,8
80,0.845703125,587,669,123,76,18,9
80,0.57958984375,865,654,72,44,44,12
80,0.5234375,274,628,72,45,63,14
80,0.51171875,648,640,71,48,66,1
80,0.548828125,340,631,47,31,90,10
80,0.71240234375,407,632,66,46,99,2
80,0.80810546875,483,654,91,61,111,11
80,0.81982421875,1104,655,139,79,119,13
80,0.72314453125,1590,647,139,36,138,15
81,0.9052734375,1299,717,244,126,4,3
81,0.84716796875,1680,696,166,80,5,0
81,0.884765625,986,699,176,88,6,5
81,0.67578125,1243,663,144,69,7,6
81,0.86083984375,831,672,129,66,8,7
81,0.89404296875,1821,714,197,130,9,4
81,0.84716796875,740,634,114,92,15,8
81,0.8408203125,594,668,122,78,18,9
81,0.50390625,651,641,74,49,66,1
81,0.56787109375,343,631,48,31,90,10
81,0.5390625,409,632,66,46,99,2
81,0.822265625,487,655,92,61,111,11
81,0.8154296875,1110,655,139,77,119,13
81,0.662109375,1567,647,137,37,138,15
82,0.89990234375,1314,718,252,129,4,3
82,0.87255859375,1695,697,168,80,5,0
82,0.89404296875,996,699,179,87,6,5
82,0.689453125,1250,668,146,78,7,6
82,0.85888671875,839,673,129,67,8,7
82,0.8974609375,1827,713,184,128,9,4
82,0.85888671875,746,634,115,92,15,8
82,0.8388671875,602,669,122,78,18,9
82,0.56201171875,874,652,70,45,44,12
82,0.521484375,85,610,64,64,56,14
82,0.537109375,655,640,74,48,66,1
82,0.60400390625,344,631,48,32,90,10
82,0.6689453125,409,632,64,46,99,2
82,0.8154296875,490,655,93,61,111,11
82,0.79833984375,1119,656,140,79,119,13
83,0.92041015625,1332,719,254,130,4,3
83,0.8623046875,1711,698,168,79,5,0
83,0.89306640625,1007,700,181,88,6,5
83,0.74609375,1258,673,148,88,7,6
83,0.87646484375,845,673,131,67,8,7
83,0.9150390625,1835,713,168,127,9,4
83,0.78515625,749,636,115,90,15,8
83,0.8115234375,610,669,123,78,18,9
83,0.56982421875,878,651,75,46,44,12
83,0.5869140625,658,640,73,48,66,1
83,0.60009765625,346,631,48,32,90,10
83,0.56396484375,413,632,70,46,99,2
83,0.83203125,495,655,96,60,111,11
83,0.8291015625,1127,656,141,78,119,13
84,0.9052734375,1349,720,257,131,4,3
84,0.84912109375,1727,699,172,81,5,0
84,0.89306640625,1017,701,183,89,6,5
84,0.830078125,1268,675,151,92,7,6
84,0.88330078125,853,673,132,69,8,7
84,0.86328125,1844,713,151,126,9,4
84,0.81884765625,755,636,116,91,15,8
84,0.84716796875,617,670,125,79,18,9
84,0.6259765625,347,631,48,33,90,10
84,0.662109375,411,633,64,46,99,2
84,0.82568359375,498,656,94,61,111,11
84,0.77734375,1134,657,141,79,119,13
84,0.66015625,1499,646,130,36,138,14
85,0.91064453125,1366,722,261,133,4,3
85,0.845703125,1745,700,176,82,5,0
85,0.8955078125,1029,702,185,91,6,5
85,0.830078125,1277,677,152,94,7,6
85,0.85888671875,860,674,134,69,8,7
85,0.861328125,1851,714,136,126,9,4
85,0.85107421875,760,635,118,93,15,8
85,0.85693359375,624,671,127,79,18,9
85,0.59619140625,349,631,47,33,90,10
85,0.60400390625,415,633,68,46,99,2
85,0.82080078125,502,656,94,62,111,11
85,0.7958984375,1137,657,154,79,119,13
85,0.57568359375,1477,645,127,35,138,14
86,0.908203125,1384,723,266,135,4,3
86,0.86083984375,1761,701,177,83,5,0
86,0.9091796875,1040,703,187,91,6,5
86,0.841796875,1286,677,154,95,7,6
86,0.87060546875,868,675,134,69,8,7
86,0.873046875,1859,715,120,124,9,4
86,0.8408203125,764,637,119,91,15,8
86,0.85595703125,631,672,129,80,18,9
86,0.515625,87,610,63,65,56,1
86,0.56396484375,351,631,47,33,90,10
86,0.52734375,417,633,70,46,99,2
86,0.81396484375,507,657,95,62,111,11
86,0.70751953125,1135,658,173,80,119,13
87,0.90673828125,1403,724,271,136,4,3
87,0.83642578125,1778,702,179,85,5,0
87,0.896484375,1052,705,191,92,6,5
87,0.85791015625,1295,678,154,96,7,6
87,0.84912109375,875,675,135,70,8,7
87,0.72509765625,1868,723,102,109,9,4
87,0.80908203125,769,637,122,91,15,8
87,0.8642578125,639,672,130,79,18,9
87,0.57177734375,673,642,77,50,66,12
87,0.52734375,352,631,48,33,90,10
87,0.56982421875,415,634,66,46,99,2
87,0.81982421875,510,657,94,62,111,11
87,0.732421875,1152,658,156,81,119,13
87,0.505859375,1439,644,124,35,138,14
87,0.513671875,557,645,80,62,148,15
88,0.92041015625,1421,726,275,137,4,3
88,0.822265625,1798,703,184,85,5,0
88,0.90185546875,1063,706,194,93,6,5
88,0.85595703125,1303,678,154,97,7,6
88,0.8447265625,883,674,136,72,8,7
88,0.61328125,1875,730,85,97,9,4
88,0.75634765625,775,639,122,89,15,8
88,0.8623046875,647,672,130,80,18,9
88,0.556640625,93,610,52,64,56,1
88,0.5390625,677,640,78,48,66,12
88,0.60400390625,354,631,50,33,90,10
88,0.515625,417,634,64,46,99,2
88,0.82763671875,514,657,96,62,111,11
88,0.77880859375,1165,659,148,80,119,13
88,0.607421875,1424,644,113,36,138,14
88,0.505859375,562,646,82,63,148,15
89,0.9013671875,1440,727,279,138,4,3
89,0.81396484375,1818,704,190,84,5,0
89,0.90380859375,1074,706,196,94,6,5
89,0.83984375,1312,679,157,98,7,6
89,0.85107421875,891,675,137,73,8,7
89,0.80078125,779,639,122,89,15,8
89,0.8818359375,655,673,132,82,18,9
89,0.544921875,95,609,50,64,56,1
89,0.56787109375,291,629,56,46,63,16
89,0.509765625,681,638,79,44,66,12
89,0.5927734375,357,632,50,33,90,10
89,0.57958984375,418,634,64,46,99,2
89,0.79443359375,517,657,95,62,111,11
89,0.74462890625,1175,658,145,82,119,13
89,0.546875,1410,643,100,34,138,14
89,0.5908203125,567,645,89,62,148,15
90,0.908203125,1460,729,285,141,4,3
90,0.8642578125,1829,705,180,85,5,0
90,0.90869140625,1086,707,198,94,6,5
90,0.82666015625,1323,679,160,98,7,6
90,0.86865234375,899,675,140,76,8,7
90,0.83349609375,784,638,122,92,15,8
90,0.87841796875,663,674,133,81,18,9
90,0.541015625,95,609,51,64,56,1
90,0.501953125,683,637,83,41,66,12
90,0.5927734375,358,632,51,33,90,10
90,0.79443359375,522,658,96,63,111,11
90,0.8173828125,1183,658,146,84,119,13
90,0.5927734375,570,645,91,62,148,15
91,0.9111328125,1478,730,292,144,4,3
91,0.880859375,1838,706,162,87,5,0
91,0.90185546875,1098,708,200,94,6,5
91,0.84814453125,1332,680,161,99,7,6
91,0.85791015625,907,675,141,76,8,7
91,0.8408203125,788,638,123,92,15,8
91,0.87158203125,671,675,134,81,18,9
91,0.529296875,93,609,54,64,56,1
91,0.525390625,687,637,83,41,66,12
91,0.59619140625,359,632,49,32,90,10
91,0.56201171875,420,634,65,47,99,2
91,0.8154296875,526,659,97,64,111,11
91,0.845703125,1192,659,147,84,119,13
91,0.56982421875,574,645,96,62,148,15
92,0.9189453125,1499,731,296,146,4,3
92,0.88720703125,1847,707,144,87,5,0
92,0.90869140625,1111,709,203,95,6,5
92,0.845703125,1343,680,166,101,7,6
92,0.86083984375,915,675,141,77,8,7
92,0.80322265625,793,638,125,93,15,8
92,0.86865234375,679,675,135,82,18,9
92,0.55810546875,420,634,62,47,99,2
92,0.77734375,530,659,99,64,111,11
92,0.708984375,1201,660,148,82,119,13
93,0.91650390625,1521,733,300,147,4,3
93,0.87158203125,1856,707,126,86,5,0
93,0.91064453125,1124,710,205,97,6,5
93,0.85400390625,1352,681,163,104,7,6
93,0.8740234375,924,676,142,78,8,7
93,0.822265625,798,637,124,96,15,8
93,0.884765625,688,676,137,83,18,9
93,0.505859375,363,636,50,28,90,1
93,0.607421875,421,634,60,47,99,2
93,0.81298828125,535,660,100,64,111,11
93,0.5078125,585,645,98,61,148,4
94,0.91796875,1542,735,305,148,4,3
94,0.845703125,1866,708,107,85,5,0
94,0.9091796875,1136,711,209,98,6,5
94,0.8818359375,1363,683,167,105,7,6
94,0.88330078125,932,676,143,79,8,7
94,0.79052734375,803,638,127,95,15,8
94,0.88330078125,697,676,139,84,18,9
94,0.537109375,96,609,51,64,56,10
94,0.54296875,299,630,55,45,63,12
94,0.611328125,365,634,52,33,90,1
94,0.689453125,422,635,60,48,99,2
94,0.8115234375,539,660,100,65,111,11
94,0.68408203125,596,646,87,62,148,4
95,0.91552734375,1563,737,311,151,4,3
95,0.83203125,1875,708,89,84,5,0
95,0.9072265625,1149,712,212,100,6,5
95,0.87255859375,1376,684,174,105,7,6
95,0.87890625,941,677,146,77,8,7
95,0.83447265625,808,638,128,96,15,8
95,0.8818359375,705,677,141,85,18,9
95,0.56005859375,97,609,49,64,56,10
95,0.5,299,630,57,46,63,12
95,0.5908203125,367,633,51,35,90,1
95,0.59814453125,423,635,59,47,99,2
95,0.83544921875,543,661,101,65,111,11
95,0.6318359375,1232,661,143,83,119,13
95,0.69287109375,602,646,87,63,148,4
96,0.91748046875,1586,739,317,152,4,3
96,0.7880859375,1885,710,69,82,5,0
96,0.9140625,1162,714,215,100,6,5
96,0.8896484375,1387,685,180,106,7,6
96,0.87060546875,949,679,148,75,8,7
96,0.861328125,812,638,130,98,15,8
96,0.87646484375,714,678,143,85,18,9
96,0.55078125,97,609,49,63,56,10
96,0.544921875,300,630,57,47,63,12
96,0.53515625,369,632,50,35,90,1
96,0.689453125,424,635,59,48,99,2
96,0.8232421875,547,661,102,65,111,11
96,0.546875,1238,661,150,84,119,13
96,0.7041015625,609,647,85,64,148,4
96,0.51953125,501,639,58,44,155,14
97,0.9228515625,1609,741,325,154,4,3
97,0.76611328125,1895,714,48,78,5,0
97,0.9208984375,1176,714,218,101,6,5
97,0.88623046875,1399,686,186,106,7,6
97,0.86328125,958,680,147,75,8,7
97,0.83642578125,817,639,132,97,15,8
97,0.88427734375,724,679,145,85,18,9
97,0.53125,92,609,61,64,56,10
97,0.5927734375,300,630,58,47,63,12
97,0.609375,370,632,50,36,90,1
97,0.74609375,425,635,60,49,99,2
97,0.83349609375,552,661,101,65,111,11
97,0.6279296875,613,647,88,66,148,4
98,0.92236328125,1633,743,332,158,4,3
98,0.70751953125,1905,717,28,67,5,0
98,0.90283203125,1189,715,221,102,6,5
98,0.9013671875,1412,686,191,106,7,6
98,0.86962890625,966,681,149,74,8,7
98,0.8154296875,820,639,136,98,15,8
98,0.89111328125,733,679,146,86,18,9
98,0.533203125,90,609,67,64,56,10
98,0.64599609375,372,631,50,36,90,1
98,0.72021484375,426,635,60,48,99,2
98,0.80322265625,556,660,103,69,111,11
98,0.70263671875,618,647,89,67,148,4
98,0.65673828125,507,639,61,45,155,13
98,0.533203125,895,649,48,52,162,14
99,0.9208984375,1657,745,338,160,4,3
99,0.9052734375,1204,717,223,104,6,5
99,0.90966796875,1425,687,198,106,7,6
99,0.88720703125,975,682,151,74,8,7
99,0.79833984375,823,640,139,97,15,8
99,0.87841796875,742,680,147,88,18,9
99,0.52734375,94,609,62,64,56,10
99,0.529296875,374,633,49,35,90,1
99,0.71044921875,428,635,61,49,99,2
99,0.7841796875,560,661,102,69,111,11
99,0.68408203125,623,648,90,68,148,4
99,0.5947265625,510,639,61,45,155,13
99,0.62255859375,901,650,50,55,162,14
99,0.513671875,463,632,37,35,167,12
100,0.9189453125,1683,747,345,161,4,3
100,0.92041015625,1219,718,229,106,6,5
100,0.9013671875,1441,687,208,107,7,6
100,0.89697265625,984,683,150,75,8,7
100,0.82568359375,830,640,135,98,15,8
100,0.8916015625,751,680,148,89,18,9
100,0.59619140625,98,609,54,64,56,10
100,0.7548828125,429,635,60,49,99,2
100,0.83447265625,565,661,102,70,111,11
100,0.72021484375,629,648,89,67,148,4
100,0.5927734375,513,639,61,45,155,13
100,0.60595703125,908,651,51,56,162,14
100,0.544921875,465,633,38,38,167,12
101,0.92138671875,1708,748,353,162,4,3
101,0.91064453125,1233,720,231,107,6,5
101,0.8974609375,1455,687,218,109,7,6
101,0.88427734375,994,684,152,75,8,7
101,0.8154296875,836,640,133,99,15,8
101,0.8857421875,760,681,150,91,18,9
101,0.537109375,98,609,55,65,56,10
101,0.50390625,377,634,50,32,90,0
101,0.7490234375,431,635,63,49,99,2
101,0.8388671875,569,662,103,69,111,11
101,0.5078125,1313,661,99,80,119,1
101,0.71533203125,634,648,90,68,148,4
101,0.56982421875,515,639,63,45,155,13
101,0.60205078125,915,652,54,57,162,14
102,0.923828125,1734,751,359,163,4,3
102,0.91357421875,1250,721,236,109,6,5
102,0.896484375,1470,689,228,111,7,6
102,0.88427734375,1003,684,155,76,8,7
102,0.806640625,841,641,134,98,15,8
102,0.892578125,770,681,151,92,18,9
102,0.61669921875,726,642,81,48,66,12
102,0.505859375,379,634,49,33,90,0
102,0.84716796875,574,662,103,69,111,11
102,0.740234375,639,648,93,69,148,4
102,0.5869140625,518,639,63,46,155,13
102,0.6513671875,922,651,56,55,162,14
103,0.9228515625,1749,753,341,167,4,3
103,0.91943359375,1265,722,238,109,6,5
103,0.861328125,1482,690,231,113,7,6
103,0.88623046875,1012,684,157,77,8,7
103,0.8427734375,847,640,135,99,15,8
103,0.8955078125,779,682,153,92,18,9
103,0.61865234375,730,643,79,50,66,12
103,0.59619140625,381,633,49,34,90,0
103,0.71044921875,433,636,62,50,99,1
103,0.841796875,579,662,104,70,111,11
103,0.501953125,1315,660,139,78,119,2
103,0.72314453125,644,649,93,70,148,4
103,0.658203125,520,639,60,46,155,13
103,0.72314453125,927,653,57,59,162,14
104,0.92138671875,1760,755,318,169,4,3
104,0.91357421875,1280,723,242,110,6,5
104,0.87841796875,1492,691,234,114,7,6
104,0.89306640625,1022,685,158,78,8,7
104,0.8427734375,851,640,135,99,15,8
104,0.8916015625,789,683,155,92,18,9
104,0.69287109375,733,643,77,50,66,12
104,0.57373046875,382,633,48,34,90,0
104,0.66357421875,434,636,61,49,99,1
104,0.861328125,583,662,105,72,111,11
104,0.51953125,1161,637,98,29,138,10
104,0.74169921875,649,650,93,70,148,4
104,0.642578125,522,639,60,46,155,13
104,0.67578125,932,654,59,61,162,14
105,0.923828125,1773,757,293,171,4,3
105,0.91650390625,1295,725,245,112,6,5
105,0.87890625,1509,691,244,115,7,6
105,0.89501953125,1031,686,159,80,8,7
105,0.8388671875,856,640,135,102,15,8
105,0.900390625,800,684,157,94,18,9
105,0.69775390625,736,644,78,51,66,12
105,0.5830078125,384,634,47,34,90,0
105,0.68603515625,437,636,63,51,99,1
105,0.85009765625,589,663,106,72,111,11
105,0.541015625,1148,636,93,29,138,10
105,0.7607421875,655,650,94,69,148,4
105,0.5830078125,523,640,58,46,155,13
105,0.6533203125,938,654,59,61,162,14
106,0.92236328125,1785,760,269,174,4,3
106,0.927734375,1312,726,250,112,6,5
106,0.87841796875,1516,692,239,115,7,6
106,0.88330078125,1041,687,161,81,8,7
106,0.85107421875,861,641,138,102,15,8
106,0.89501953125,809,685,159,93,18,9
106,0.60205078125,741,644,80,51,66,12
106,0.525390625,385,633,48,34,90,0
106,0.62060546875,438,637,63,51,99,1
106,0.79443359375,594,664,106,71,111,11
106,0.673828125,660,650,93,69,148,4
106,0.5830078125,943,654,60,60,162,14
107,0.91357421875,1798,763,242,178,4,3
107,0.91845703125,1328,727,254,114,6,5
107,0.87744140625,1526,692,236,116,7,6
107,0.8857421875,1051,687,163,82,8,7
107,0.82666015625,866,641,138,101,15,8
107,0.89404296875,819,686,161,94,18,9
107,0.62060546875,745,645,80,53,66,12
107,0.544921875,387,633,48,35,90,0
107,0.662109375,440,637,64,52,99,1
107,0.7880859375,598,664,107,72,111,11
107,0.62451171875,1345,661,169,78,119,2
107,0.6826171875,665,650,93,69,148,4
107,0.546875,526,640,56,46,155,10
107,0.59814453125,948,655,58,61,162,14
107,0.70751953125,1614,690,105,92,180,13
108,0.88818359375,1812,762,215,173,4,3
108,0.9052734375,1345,728,257,114,6,5
108,0.8857421875,1537,693,234,116,7,6
108,0.8740234375,1062,688,165,81,8,7
108,0.83544921875,871,641,138,100,15,8
108,0.8857421875,831,687,162,94,18,9
108,0.6279296875,750,646,81,54,66,12
108,0.521484375,389,633,47,34,90,0
108,0.71875,442,637,65,52,99,1
108,0.7958984375,603,664,109,73,111,11
108,0.662109375,1355,661,172,79,119,2
108,0.67578125,670,651,97,70,148,4
108,0.57568359375,530,641,56,46,155,10
108,0.556640625,955,655,59,62,162,14
108,0.72021484375,1627,691,109,94,180,13
109,0.88720703125,1826,760,187,168,4,3
109,0.921875,1362,730,263,116,6,5
109,0.86962890625,1557,695,250,117,7,6
109,0.875,1072,689,167,83,8,7
109,0.79931640625,877,641,140,100,15,8
109,0.89990234375,842,687,165,95,18,9
109,0.7294921875,754,646,82,54,66,12
109,0.505859375,391,634,47,33,90,0
109,0.708984375,443,637,64,51,99,1
109,0.82568359375,608,666,109,71,111,11
109,0.69091796875,1365,660,174,75,119,2
109,0.67919921875,676,651,97,72,148,4
109,0.525390625,534,641,58,46,155,10
109,0.67919921875,960,655,61,63,162,14
109,0.6513671875,1641,692,117,95,180,13
110,0.873046875,1839,760,160,167,4,3
110,0.91650390625,1380,731,266,118,6,5
110,0.85986328125,1565,695,243,117,7,6
110,0.8740234375,1082,690,170,84,8,7
110,0.7880859375,883,642,141,100,15,8
110,0.90185546875,852,688,166,97,18,9
110,0.71533203125,760,646,80,54,66,12
110,0.7041015625,445,637,65,52,99,1
110,0.8291015625,613,666,110,72,111,11
110,0.63720703125,1375,656,174,67,119,2
110,0.732421875,682,652,98,72,148,4
110,0.5849609375,537,641,59,46,155,10
110,0.5888671875,966,655,61,63,162,14
110,0.501953125,488,636,46,43,167,15
110,0.67578125,1654,693,124,96,180,13
111,0.86865234375,1855,763,128,166,4,3
111,0.91064453125,1399,734,270,119,6,5
111,0.880859375,1576,696,242,118,7,6
111,0.8857421875,1093,690,172,84,8,7
111,0.7705078125,887,640,142,101,15,8
111,0.8955078125,864,689,170,97,18,9
111,0.7041015625,766,647,81,55,66,12
111,0.69921875,447,637,66,51,99,1
111,0.83447265625,618,666,111,72,111,11
111,0.7490234375,1387,654,176,64,119,2
111,0.73583984375,687,652,97,72,148,4
111,0.55078125,540,642,59,47,155,10
111,0.533203125,972,655,60,63,162,14
111,0.80419921875,1672,694,125,97,180,13
112,0.8623046875,1870,765,99,165,4,3
112,0.90576171875,1418,736,277,121,6,5
112,0.88427734375,1589,696,245,119,7,6
112,0.88720703125,1104,692,174,84,8,7
112,0.7548828125,893,637,141,98,15,8
112,0.88623046875,875,690,170,99,18,9
112,0.70263671875,771,647,85,56,66,12
112,0.513671875,396,634,45,34,90,0
112,0.7373046875,448,637,66,52,99,1
112,0.82763671875,623,666,112,73,111,11
112,0.7138671875,1398,653,177,62,119,2
112,0.74462890625,693,652,97,72,148,4
112,0.57373046875,977,655,61,64,162,14
112,0.84716796875,1689,694,126,100,180,13
113,0.83642578125,1885,768,68,167,4,3
113,0.91259765625,1436,737,281,123,6,5
113,0.85009765625,1603,697,244,121,7,6
113,0.87841796875,1115,692,175,84,8,7
113,0.73876953125,898,635,143,92,15,8
113,0.89990234375,887,690,172,100,18,9
113,0.7294921875,774,647,86,56,66,12
113,0.76904296875,450,637,66,52,99,1
113,0.85107421875,628,667,113,72,111,11
113,0.78271484375,1411,654,178,62,119,2
113,0.66357421875,698,652,98,72,148,4
113,0.63720703125,982,656,62,64,162,14
113,0.69580078125,1705,695,131,101,180,13
113,0.5830078125,1034,661,65,48,182,10
114,0.7041015625,1901,772,36,145,4,3
114,0.9111328125,1455,739,287,124,6,5
114,0.888671875,1616,698,248,122,7,6
114,0.8798828125,1127,694,177,85,8,7
114,0.7373046875,904,634,145,88,15,8
114,0.86865234375,899,691,174,101,18,9
114,0.77197265625,780,647,87,57,66,12
114,0.71044921875,452,637,68,52,99,1
114,0.84814453125,634,668,114,73,111,11
114,0.7705078125,1422,655,181,64,119,2
114,0.70556640625,703,653,99,73,148,4
114,0.55810546875,989,656,63,64,162,14
114,0.85205078125,1720,695,137,103,180,13
114,0.50390625,1042,661,67,50,182,10
115,0.9189453125,1475,740,291,125,6,5
115,0.8671875,1628,698,249,123,7,6
115,0.88720703125,1137,694,179,86,8,7
115,0.7294921875,906,633,150,82,15,8
115,0.89892578125,911,692,176,102,18,9
115,0.70751953125,786,648,90,58,66,12
115,0.56005859375,402,635,46,32,90,0
115,0.67578125,455,638,68,53,99,1
115,0.84912109375,640,668,114,73,111,11
115,0.8427734375,1434,656,183,66,119,2
115,0.7265625,709,653,101,74,148,4
115,0.84912109375,1737,697,139,102,180,13
115,0.58154296875,1047,662,73,50,182,10
116,0.92529296875,1495,741,296,127,6,5
116,0.87890625,1642,699,252,124,7,6
116,0.89404296875,1149,695,182,88,8,7
116,0.71875,911,632,148,77,15,8
116,0.8671875,922,693,179,103,18,9
116,0.751953125,791,648,90,58,66,12
116,0.56591796875,404,636,46,32,90,0
116,0.70068359375,456,638,68,53,99,1
116,0.85302734375,645,668,115,74,111,11
116,0.83203125,1446,657,185,67,119,2
116,0.763671875,714,653,103,73,148,4
116,0.509765625,1000,656,64,63,162,3
116,0.85791015625,1753,699,145,103,180,13
116,0.61865234375,1054,663,73,49,182,10
117,0.9228515625,1516,742,303,128,6,5
117,0.875,1658,700,256,125,7,6
117,0.89892578125,1161,695,184,88,8,7
117,0.60205078125,917,631,149,74,15,8
117,0.88818359375,934,694,182,103,18,9
117,0.75341796875,796,648,90,58,66,12
117,0.64599609375,406,635,46,34,90,0
117,0.6806640625,458,638,68,53,99,1
117,0.85009765625,650,669,117,74,111,11
117,0.85498046875,1459,660,185,73,119,2
117,0.79052734375,718,654,110,74,148,4
117,0.69287109375,1007,655,64,63,162,3
117,0.85498046875,1769,699,153,104,180,13
117,0.6533203125,1062,664,74,51,182,10
118,0.9248046875,1537,744,308,130,6,5
118,0.86865234375,1673,701,258,126,7,6
118,0.88818359375,1173,697,186,89,8,7
118,0.53125,923,632,146,76,15,8
118,0.806640625,946,695,184,105,18,9
118,0.66015625,802,648,90,57,66,12
118,0.6826171875,408,635,45,35,90,0
118,0.7548828125,460,638,70,54,99,1
118,0.85498046875,655,669,118,75,111,11
118,0.8642578125,1471,664,186,79,119,2
118,0.75634765625,721,654,115,76,148,4
118,0.5830078125,566,643,72,49,155,14
118,0.56787109375,1013,655,63,63,162,3
118,0.501953125,507,634,45,38,167,15
118,0.873046875,1788,700,152,105,180,13
118,0.7734375,1071,665,78,51,182,10
119,0.923828125,1559,746,314,132,6,5
119,0.861328125,1687,701,262,126,7,6
119,0.89697265625,1186,698,188,88,8,7
119,0.78271484375,928,633,144,82,15,8
119,0.8759765625,959,695,188,107,18,9
119,0.75048828125,807,648,90,58,66,12
119,0.6806640625,410,635,46,36,90,0
119,0.72802734375,463,639,71,54,99,1
119,0.85888671875,661,669,119,76,111,11
119,0.87060546875,1484,666,189,82,119,2
119,0.7294921875,730,655,112,76,148,4
119,0.63720703125,570,643,75,49,155,14
119,0.57568359375,1018,652,65,59,162,3
119,0.521484375,509,634,44,38,167,15
119,0.8623046875,1806,701,156,106,180,13
119,0.79443359375,1079,665,82,51,182,10
120,0.9189453125,1581,748,318,134,6,5
120,0.81640625,1702,702,268,128,7,6
120,0.888671875,1199,700,191,89,8,7
120,0.7646484375,933,637,142,93,15,8
120,0.796875,971,697,191,109,18,9
120,0.7744140625,812,648,89,58,66,12
120,0.65673828125,412,635,46,37,90,0
120,0.69775390625,465,639,71,54,99,1
120,0.85498046875,667,669,120,77,111,11
120,0.87744140625,1497,668,189,86,119,2
120,0.80322265625,739,655,108,76,148,4
120,0.59814453125,573,643,74,49,155,14
120,0.517578125,511,634,43,37,167,15
120,0.8447265625,1826,702,159,107,180,13
120,0.77880859375,1087,666,88,51,182,10
121,0.91552734375,1605,750,325,135,6,5
121,0.85400390625,1717,703,274,129,7,6
121,0.89501953125,1211,700,193,90,8,7
121,0.8173828125,937,640,142,101,15,8
121,0.880859375,984,698,192,109,18,9
121,0.73583984375,816,649,89,58,66,12
121,0.642578125,414,635,45,36,90,0
121,0.6943359375,467,639,70,54,99,1
121,0.85302734375,672,670,121,77,111,11
121,0.87158203125,1510,671,192,91,119,2
121,0.541015625,244,640,53,35,123,3
121,0.7578125,746,655,107,76,148,4
121,0.65478515625,576,643,74,49,155,14
121,0.54296875,1031,651,66,52,162,16
121,0.51953125,512,634,45,37,167,15
121,0.8388671875,1843,703,153,108,180,13
121,0.72314453125,1095,666,87,51,182,10
122,0.921875,1628,752,332,138,6,5
122,0.89990234375,1734,704,276,130,7,6
122,0.89306640625,1224,701,195,90,8,7
122,0.84912109375,944,640,147,108,15,8
122,0.8642578125,998,699,194,110,18,9
122,0.71875,821,649,88,58,66,12
122,0.57763671875,416,635,47,36,90,0
122,0.67236328125,470,639,70,55,99,1
122,0.85107421875,678,671,121,77,111,11
122,0.87255859375,1523,672,194,95,119,2
122,0.77880859375,752,656,108,76,148,4
122,0.66552734375,580,643,74,49,155,14
122,0.552734375,515,634,46,37,167,15
122,0.84814453125,1852,704,134,108,180,13
122,0.75927734375,1104,666,91,51,182,10
123,0.9189453125,1653,755,339,139,6,5
123,0.90966796875,1750,704,281,131,7,6
123,0.9013671875,1237,702,198,92,8,7
123,0.86865234375,948,641,146,110,15,8
123,0.89697265625,1012,699,197,112,18,9
123,0.7607421875,825,649,90,58,66,12
123,0.60009765625,419,635,46,36,90,0
123,0.69921875,472,640,71,56,99,1
123,0.84814453125,685,671,122,78,111,11
123,0.86962890625,1537,673,197,97,119,2
123,0.7607421875,758,656,107,76,148,4
123,0.67578125,584,643,75,50,155,14
123,0.56201171875,518,635,46,38,167,15
123,0.82080078125,1861,701,117,100,180,13
123,0.74462890625,1113,666,93,51,182,10
124,0.92822265625,1677,757,346,141,6,5
124,0.861328125,1768,706,280,134,7,6
124,0.90576171875,1251,703,200,93,8,7
124,0.8623046875,954,641,144,111,15,8
124,0.896484375,1026,700,200,113,18,9
124,0.7431640625,829,650,90,58,66,12
124,0.611328125,420,635,46,37,90,0
124,0.70556640625,474,640,72,56,99,1
124,0.86865234375,691,672,124,79,111,11
124,0.8818359375,1552,674,198,99,119,2
124,0.80322265625,766,656,107,77,148,4
124,0.740234375,588,644,75,50,155,14
124,0.5849609375,520,636,45,38,167,15
124,0.7294921875,1870,700,98,97,180,13
124,0.74755859375,1121,666,93,50,182,10
125,0.916015625,1703,759,353,143,6,5
125,0.86865234375,1781,707,277,136,7,6
125,0.9111328125,1265,704,203,93,8,7
125,0.84716796875,959,641,144,111,15,8
125,0.8896484375,1041,701,203,115,18,9
125,0.6806640625,835,650,90,58,66,12
125,0.6494140625,422,635,46,37,90,0
125,0.75634765625,477,640,73,55,99,1
125,0.86328125,697,672,125,79,111,11
125,0.88427734375,1565,675,199,100,119,2
125,0.80810546875,772,657,108,78,148,4
125,0.76904296875,590,644,76,50,155,14
125,0.57177734375,522,636,44,38,167,15
125,0.7705078125,1128,667,97,52,182,10
126,0.9248046875,1728,761,363,145,6,5
126,0.810546875,1788,709,263,137,7,6
126,0.90576171875,1279,705,206,94,8,7
126,0.83740234375,965,641,150,112,15,8
126,0.8896484375,1055,703,206,115,18,9
126,0.73388671875,843,651,83,58,66,12
126,0.642578125,425,635,46,37,90,0
126,0.7548828125,479,640,73,55,99,1
126,0.86865234375,703,673,126,79,111,11
126,0.8984375,1579,675,201,100,119,2
126,0.810546875,778,658,108,79,148,4
126,0.74609375,593,644,76,51,155,14
126,0.548828125,525,636,42,38,167,15
126,0.79443359375,1135,667,99,54,182,10
126,0.517578125,1887,671,63,36,194,3
127,0.92236328125,1745,762,349,148,6,5
127,0.82666015625,1796,702,247,122,7,6
127,0.90869140625,1294,706,210,95,8,7
127,0.83740234375,971,642,154,112,15,8
127,0.9052734375,1070,705,208,115,18,9
127,0.73388671875,850,651,81,57,66,12
127,0.64599609375,427,635,47,37,90,0
127,0.79443359375,482,640,75,56,99,1
127,0.8662109375,709,673,127,79,111,11
127,0.896484375,1594,676,204,101,119,2
127,0.78515625,786,658,109,79,148,4
127,0.73095703125,596,645,76,50,155,14
127,0.796875,1142,667,100,55,182,10
128,0.91943359375,1756,764,326,150,6,5
128,0.830078125,1803,697,233,112,7,6
128,0.90673828125,1308,706,213,97,8,7
128,0.81884765625,978,644,151,111,15,8
128,0.8955078125,1085,706,212,117,18,9
128,0.75927734375,854,651,81,57,66,12
128,0.6279296875,429,635,46,37,90,0
128,0.8056640625,484,640,76,56,99,1
128,0.87841796875,716,674,128,80,111,11
128,0.900390625,1608,677,206,102,119,2
128,0.83642578125,793,659,109,79,148,4
128,0.71240234375,599,646,77,49,155,14
128,0.515625,529,635,43,38,167,3
128,0.75341796875,1151,668,100,56,182,10
129,0.9150390625,1768,767,302,153,6,5
129,0.830078125,1811,691,217,99,7,6
129,0.90283203125,1323,708,215,98,8,7
129,0.8115234375,984,646,149,111,15,8
129,0.89501953125,1101,707,215,119,18,9
129,0.73583984375,857,651,85,58,66,12
129,0.708984375,431,635,46,39,90,0
129,0.810546875,488,640,77,57,99,1
129,0.87255859375,722,674,129,81,111,11
129,0.8974609375,1623,678,209,102,119,2
129,0.81982421875,800,659,111,80,148,4
129,0.70751953125,603,645,76,50,155,14
129,0.51171875,530,635,41,37,167,3
129,0.7841796875,1158,668,102,55,182,10
130,0.908203125,1790,772,258,155,6,5
130,0.79931640625,1824,679,190,73,7,6
130,0.91357421875,1349,710,220,99,8,7
130,0.85302734375,994,645,152,116,15,8
130,0.89013671875,1127,710,220,121,18,9
130,0.556640625,340,631,83,53,63,13
130,0.72802734375,871,651,75,59,66,12
130,0.6669921875,436,635,47,40,90,0
130,0.77587890625,492,641,78,59,99,1
130,0.880859375,733,675,132,81,111,11
130,0.900390625,1648,680,214,105,119,2
130,0.7646484375,809,659,118,80,148,4
130,0.796875,608,645,79,50,155,14
130,0.521484375,1169,664,106,46,182,10
130,0.5869140625,667,641,53,41,196,15
