Frame,ID,X_pred,Y_pred,X_true,Y_true
0,0,1710,745,1710,745
0,1,1113,688,1113,688
0,2,821,665,821,665
0,3,1299,665,1299,665
0,4,1532,687,1532,687
0,5,944,661,944,661
0,6,610,661,610,661
0,7,378,633,378,633
0,8,503,632,503,632
0,9,1826,719,1826,719
0,10,317,599,317,599
0,11,810,599,810,599
0,12,627,644,627,644
0,13,987,653,987,653
0,14,1154,629,1154,629
1,0,1724,748,1724,748
1,1,1123,688,1123,688
1,2,826,665,826,665
1,3,1309,665,1309,665
1,4,1547,688,1547,688
1,5,951,661,951,661
1,6,614,661,614,661
1,7,382,635,382,635
1,8,503,632,503,632
1,11,804,599,804,599
1,12,631,645,631,645
1,13,989,653,989,653
1,15,1404,640,1404,640
2,0,1740,749,1740,749
2,1,1135,690,1135,690
2,2,831,666,831,666
2,3,1320,666,1320,666
2,4,1563,688,1563,688
2,5,959,661,959,661
2,6,623,662,623,662
2,7,384,636,384,636
2,8,506,632,506,632
2,9,320,599,320,599
2,10,1865,680,1865,680
2,11,798,599,798,599
2,13,990,654,990,654
2,15,1396,640,1396,640
3,0,1756,752,1756,752
3,1,1148,690,1148,690
3,2,839,666,839,666
3,3,1335,666,1335,666
3,4,1583,690,1583,690
3,5,967,662,967,662
3,6,631,662,631,662
3,7,389,636,389,636
3,8,508,632,508,632
3,9,320,599,320,599
3,11,793,599,793,599
3,12,1117,628,1117,628
3,13,997,653,997,653
3,14,1713,652,1713,652
4,0,1773,755,1773,755
4,1,1161,691,1161,691
4,2,846,666,846,666
4,3,1348,667,1348,667
4,4,1612,691,1612,691
4,5,977,662,977,662
4,6,637,664,637,664
4,7,394,636,394,636
4,8,512,632,512,632
4,9,322,600,322,600
4,10,201,623,201,623
4,11,787,599,787,599
4,13,1010,653,1010,653
4,15,276,623,276,623
5,0,1790,760,1790,760
5,1,1176,693,1176,693
5,2,851,666,851,666
5,3,1362,669,1362,669
5,4,1626,695,1626,695
5,5,985,664,985,664
5,6,644,664,644,664
5,7,398,636,398,636
5,8,515,632,515,632
5,9,325,600,325,600
5,11,779,600,779,600
5,13,1020,653,1020,653
6,0,1807,757,1807,757
6,1,1189,695,1189,695
6,2,857,667,857,667
6,3,1376,669,1376,669
6,4,1648,696,1648,696
6,5,995,664,995,664
6,6,650,664,650,664
6,7,403,637,403,637
6,8,518,632,518,632
6,9,325,599,325,599
6,10,205,621,205,621
6,11,774,600,774,600
6,13,1028,653,1028,653
7,0,1826,755,1826,755
7,1,1202,695,1202,695
7,2,865,669,865,669
7,3,1389,669,1389,669
7,4,1669,698,1669,698
7,5,1005,665,1005,665
7,6,658,665,658,665
7,7,407,637,407,637
7,8,521,632,521,632
7,10,206,621,206,621
7,11,771,601,771,601
7,12,304,600,304,600
7,13,1036,654,1036,654
8,0,1843,758,1843,758
8,1,1217,696,1217,696
8,2,872,669,872,669
8,3,1404,670,1404,670
8,4,1691,699,1691,699
8,5,1013,664,1013,664
8,6,664,665,664,665
8,7,410,637,410,637
8,8,523,632,523,632
8,9,609,637,609,637
8,10,207,621,207,621
8,11,765,602,765,602
8,12,306,601,306,601
8,13,1044,656,1044,656
8,14,1569,649,1569,649
9,0,1865,761,1865,761
9,1,1232,698,1232,698
9,2,878,669,878,669
9,3,1419,672,1419,672
9,4,1720,701,1720,701
9,5,1023,665,1023,665
9,6,673,665,673,665
9,7,414,639,414,639
9,8,526,632,526,632
9,9,612,637,612,637
9,10,209,621,209,621
9,11,759,601,759,601
9,12,308,601,308,601
9,14,1554,648,1554,648
10,0,1882,764,1882,764
10,1,1245,698,1245,698
10,2,887,669,887,669
10,3,1434,672,1434,672
10,4,1747,701,1747,701
10,5,1031,665,1031,665
10,6,679,666,679,666
10,7,419,639,419,639
10,8,530,632,530,632
10,10,210,621,210,621
10,12,308,602,308,602
10,14,1539,649,1539,649
11,0,1904,763,1904,763
11,1,1261,699,1261,699
11,2,893,670,893,670
11,3,1450,672,1450,672
11,4,1776,704,1776,704
11,5,1039,666,1039,666
11,6,687,667,687,667
11,7,421,639,421,639
11,8,531,631,531,631
11,9,747,600,747,600
11,10,211,621,211,621
11,11,669,640,669,640
11,12,309,601,309,601
11,13,1077,657,1077,657
11,15,621,639,621,639
12,1,1276,701,1276,701
12,2,900,670,900,670
12,3,1463,674,1463,674
12,4,1790,706,1790,706
12,5,1051,666,1051,666
12,6,693,667,693,667
12,7,426,639,426,639
12,8,535,629,535,629
12,9,742,600,742,600
12,10,212,623,212,623
12,11,673,640,673,640
12,12,311,601,311,601
12,15,626,639,626,639
13,0,295,625,295,625
13,1,1291,701,1291,701
13,2,908,672,908,672
13,3,1480,675,1480,675
13,4,1799,706,1799,706
13,5,1061,667,1061,667
13,6,701,669,701,669
13,7,430,639,430,639
13,8,540,629,540,629
13,9,734,600,734,600
13,11,678,640,678,640
13,12,313,601,313,601
13,15,628,640,628,640
14,1,1307,703,1307,703
14,2,915,672,915,672
14,3,1496,675,1496,675
14,4,1812,708,1812,708
14,5,1071,667,1071,667
14,6,709,669,709,669
14,7,435,639,435,639
14,8,543,629,543,629
14,9,729,600,729,600
14,10,1255,640,1255,640
14,11,683,644,683,644
14,12,315,601,315,601
14,15,632,640,632,640
15,0,797,625,797,625
15,1,1324,704,1324,704
15,2,923,672,923,672
15,3,1513,677,1513,677
15,4,1822,709,1822,709
15,5,1081,669,1081,669
15,6,715,669,715,669
15,7,440,640,440,640
15,8,545,631,545,631
15,9,724,600,724,600
15,10,1243,640,1243,640
15,11,687,648,687,648
15,12,317,602,317,602
15,15,633,640,633,640
16,1,1340,706,1340,706
16,2,929,672,929,672
16,3,1529,677,1529,677
16,4,1833,709,1833,709
16,5,1092,667,1092,667
16,6,723,669,723,669
16,7,444,640,444,640
16,8,549,632,549,632
16,9,721,601,721,601
16,11,692,649,692,649
16,12,318,601,318,601
16,13,119,625,119,625
16,14,1399,662,1399,662
16,15,637,640,637,640
17,0,224,623,224,623
17,1,1357,706,1357,706
17,2,936,672,936,672
17,3,1547,677,1547,677
17,4,1845,709,1845,709
17,5,1100,667,1100,667
17,6,732,670,732,670
17,7,447,640,447,640
17,8,553,632,553,632
17,9,710,611,710,611
17,11,698,652,698,652
17,12,320,600,320,600
18,0,225,623,225,623
18,1,1373,708,1373,708
18,2,944,674,944,674
18,3,1565,678,1565,678
18,4,1858,708,1858,708
18,5,1112,669,1112,669
18,6,739,670,739,670
18,7,453,640,453,640
18,8,555,632,555,632
18,10,122,623,122,623
18,11,705,652,705,652
18,12,322,602,322,602
18,13,646,640,646,640
18,14,1366,643,1366,643
19,1,1391,709,1391,709
19,2,952,674,952,674
19,3,1582,680,1582,680
19,4,1871,711,1871,711
19,5,1120,669,1120,669
19,6,747,672,747,672
19,7,456,640,456,640
19,8,558,632,558,632
19,9,309,627,309,627
19,11,710,652,710,652
19,12,324,601,324,601
19,14,1352,643,1352,643
20,0,227,625,227,625
20,1,1409,709,1409,709
20,2,961,675,961,675
20,3,1599,680,1599,680
20,4,1882,714,1882,714
20,5,1131,669,1131,669
20,6,755,672,755,672
20,7,461,639,461,639
20,8,562,633,562,633
20,9,313,627,313,627
20,10,664,640,664,640
20,11,719,653,719,653
20,12,325,601,325,601
20,13,701,602,701,602
20,14,1330,641,1330,641
21,1,1427,711,1427,711
21,2,969,675,969,675
21,3,1619,682,1619,682
21,4,1895,719,1895,719
21,5,1140,670,1140,670
21,6,761,672,761,672
21,7,467,640,467,640
21,8,564,633,564,633
21,9,315,627,315,627
21,10,669,641,669,641
21,11,724,653,724,653
21,12,327,601,327,601
21,13,696,600,696,600
21,14,1311,641,1311,641
22,1,1445,712,1445,712
22,2,977,675,977,675
22,3,1638,683,1638,683
22,4,1908,719,1908,719
22,5,1151,670,1151,670
22,6,770,674,770,674
22,7,470,640,470,640
22,9,318,625,318,625
22,10,673,641,673,641
22,11,728,653,728,653
22,12,329,601,329,601
22,13,688,599,688,599
22,14,1293,640,1293,640
23,0,573,635,573,635
23,1,1465,714,1465,714
23,2,985,677,985,677
23,3,1658,683,1658,683
23,5,1163,672,1163,672
23,6,779,675,779,675
23,7,476,640,476,640
23,9,320,627,320,627
23,10,678,641,678,641
23,11,732,653,732,653
23,12,331,601,331,601
23,13,684,599,684,599
23,14,1273,640,1273,640
24,0,577,635,577,635
24,1,1483,714,1483,714
24,2,992,677,992,677
24,3,1677,685,1677,685
24,4,1058,649,1058,649
24,5,1173,672,1173,672
24,6,787,675,787,675
24,7,480,640,480,640
24,9,320,627,320,627
24,10,682,641,682,641
24,11,737,653,737,653
24,12,331,600,331,600
24,13,679,599,679,599
24,14,1261,641,1261,641
25,0,581,635,581,635
25,1,1503,716,1503,716
25,2,1002,677,1002,677
25,3,1698,685,1698,685
25,5,1184,672,1184,672
25,6,794,675,794,675
25,7,484,640,484,640
25,9,322,627,322,627
25,10,684,641,684,641
25,11,742,653,742,653
25,12,334,600,334,600
25,13,674,599,674,599
26,0,585,635,585,635
26,1,1524,719,1524,719
26,2,1010,677,1010,677
26,3,1718,687,1718,687
26,4,240,625,240,625
26,5,1194,674,1194,674
26,6,802,677,802,677
26,7,489,640,489,640
26,9,325,627,325,627
26,10,691,643,691,643
26,11,748,653,748,653
26,12,334,600,334,600
26,13,670,599,670,599
27,0,589,636,589,636
27,1,1544,720,1544,720
27,2,1018,678,1018,678
27,3,1740,688,1740,688
27,4,241,625,241,625
27,5,1204,674,1204,674
27,6,811,677,811,677
27,7,492,641,492,641
27,9,327,627,327,627
27,10,700,641,700,641
27,11,753,654,753,654
27,12,336,600,336,600
27,13,665,602,665,602
28,0,594,636,594,636
28,1,1566,722,1566,722
28,2,1028,680,1028,680
28,3,1761,688,1761,688
28,4,243,625,243,625
28,5,1215,675,1215,675
28,6,819,678,819,678
28,7,498,641,498,641
28,10,701,641,701,641
28,11,760,656,760,656
28,12,338,601,338,601
28,13,661,604,661,604
29,0,599,636,599,636
29,1,1588,722,1588,722
29,2,1038,680,1038,680
29,3,1783,690,1783,690
29,4,246,627,246,627
29,5,1227,675,1227,675
29,6,826,678,826,678
29,7,506,643,506,643
29,8,332,627,332,627
29,9,1513,647,1513,647
29,10,704,641,704,641
29,11,766,656,766,656
29,12,340,601,340,601
29,13,659,605,659,605
30,0,601,636,601,636
30,1,1611,724,1611,724
30,2,1046,680,1046,680
30,3,1802,690,1802,690
30,4,248,627,248,627
30,5,1238,677,1238,677
30,6,834,678,834,678
30,7,512,644,512,644
30,8,336,627,336,627
30,9,1493,647,1493,647
30,10,709,643,709,643
30,11,775,657,775,657
30,12,343,601,343,601
30,13,655,604,655,604
31,0,605,636,605,636
31,1,1634,725,1634,725
31,2,1056,680,1056,680
31,3,1813,691,1813,691
31,4,249,627,249,627
31,5,1253,677,1253,677
31,6,844,680,844,680
31,7,518,644,518,644
31,9,1472,647,1472,647
31,10,714,643,714,643
31,11,780,657,780,657
31,12,343,602,343,602
31,13,647,602,647,602
31,14,1179,664,1179,664
32,0,608,636,608,636
32,1,1655,727,1655,727
32,2,1066,682,1066,682
32,3,1825,691,1825,691
32,4,251,628,251,628
32,5,1266,677,1266,677
32,6,852,680,852,680
32,7,523,643,523,643
32,8,341,628,341,628
32,9,1447,645,1447,645
32,10,719,644,719,644
32,11,788,657,788,657
32,12,347,602,347,602
32,13,644,603,644,603
32,14,1191,665,1191,665
33,0,612,636,612,636
33,1,1681,730,1681,730
33,2,1074,683,1074,683
33,3,1836,691,1836,691
33,4,255,628,255,628
33,5,1281,678,1281,678
33,6,860,682,860,682
33,7,530,644,530,644
33,8,345,628,345,628
33,9,1426,644,1426,644
33,10,725,644,725,644
33,11,793,657,793,657
33,12,350,602,350,602
33,13,640,603,640,603
33,14,1200,665,1200,665
34,0,618,636,618,636
34,1,1705,730,1705,730
34,2,1084,683,1084,683
34,3,1845,693,1845,693
34,4,256,628,256,628
34,5,1294,680,1294,680
34,6,870,682,870,682
34,7,535,645,535,645
34,9,1406,644,1406,644
34,10,732,644,732,644
34,11,798,657,798,657
34,12,354,602,354,602
34,13,636,603,636,603
34,14,1212,666,1212,666
34,15,206,621,206,621
35,0,621,636,621,636
35,1,1730,732,1730,732
35,2,1094,685,1094,685
35,3,1859,693,1859,693
35,4,258,628,258,628
35,5,1307,680,1307,680
35,6,877,683,877,683
35,7,540,647,540,647
35,8,350,629,350,629
35,9,1391,644,1391,644
35,10,737,644,737,644
35,11,804,658,804,658
35,12,355,602,355,602
35,14,1222,667,1222,667
36,0,626,636,626,636
36,1,1756,735,1756,735
36,2,1104,685,1104,685
36,3,1872,691,1872,691
36,4,261,628,261,628
36,5,1319,682,1319,682
36,6,885,683,885,683
36,7,546,647,546,647
36,8,352,628,352,628
36,10,743,645,743,645
36,11,811,660,811,660
36,12,359,601,359,601
36,14,1233,667,1233,667
37,0,629,636,629,636
37,1,1770,738,1770,738
37,2,1115,687,1115,687
37,4,263,628,263,628
37,5,1335,683,1335,683
37,6,895,683,895,683
37,7,554,647,554,647
37,8,354,628,354,628
37,9,211,621,211,621
37,10,748,645,748,645
37,11,820,660,820,660
37,12,361,601,361,601
37,14,1248,669,1248,669
38,0,635,637,635,637
38,1,1783,740,1783,740
38,2,1125,688,1125,688
38,4,264,628,264,628
38,5,1348,683,1348,683
38,6,905,685,905,685
38,7,559,648,559,648
38,8,357,628,357,628
38,10,753,645,753,645
38,11,826,660,826,660
38,12,361,601,361,601
38,14,1260,669,1260,669
39,0,640,636,640,636
39,1,1795,741,1795,741
39,2,1136,688,1136,688
39,3,216,619,216,619
39,4,268,629,268,629
39,5,1363,683,1363,683
39,6,913,685,913,685
39,7,566,649,566,649
39,8,361,628,361,628
39,9,1724,652,1724,652
39,10,764,645,764,645
39,11,831,660,831,660
39,12,364,601,364,601
40,0,642,636,642,636
40,1,1809,743,1809,743
40,2,1146,688,1146,688
40,4,271,629,271,629
40,5,1378,685,1378,685
40,6,923,687,923,687
40,7,571,647,571,647
40,8,364,628,364,628
40,9,1704,650,1704,650
40,10,766,647,766,647
40,11,839,661,839,661
40,12,366,600,366,600
40,13,1286,667,1286,667
40,14,1792,650,1792,650
41,0,647,636,647,636
41,1,1822,745,1822,745
41,2,1156,690,1156,690
41,3,218,619,218,619
41,4,272,629,272,629
41,5,1393,685,1393,685
41,6,931,688,931,688
41,7,577,648,577,648
41,8,366,629,366,629
41,9,1680,650,1680,650
41,10,771,647,771,647
41,11,847,661,847,661
41,12,366,601,366,601
41,13,1294,669,1294,669
41,14,1772,650,1772,650
42,1,1835,743,1835,743
42,2,1168,690,1168,690
42,4,274,629,274,629
42,5,1408,685,1408,685
42,6,941,688,941,688
42,7,581,648,581,648
42,8,370,629,370,629
42,9,1658,650,1658,650
42,10,776,647,776,647
42,11,854,661,854,661
42,12,368,600,368,600
42,13,1307,672,1307,672
42,14,1750,650,1750,650
43,0,661,640,661,640
43,1,1849,743,1849,743
43,2,1179,691,1179,691
43,4,277,631,277,631
43,5,1422,688,1422,688
43,6,949,690,949,690
43,7,590,648,590,648
43,8,371,629,371,629
43,10,782,648,782,648
43,11,862,661,862,661
43,12,370,600,370,600
43,13,1320,672,1320,672
43,14,1727,649,1727,649
44,0,669,639,669,639
44,1,1862,747,1862,747
44,2,1192,691,1192,691
44,3,1618,649,1618,649
44,4,279,631,279,631
44,5,1439,688,1439,688
44,6,959,690,959,690
44,7,595,649,595,649
44,8,375,631,375,631
44,10,788,648,788,648
44,11,869,661,869,661
44,12,371,599,371,599
44,13,1334,672,1334,672
44,14,1708,648,1708,648
45,0,672,639,672,639
45,1,1878,751,1878,751
45,2,1204,693,1204,693
45,3,1599,649,1599,649
45,4,283,632,283,632
45,5,1455,690,1455,690
45,6,969,691,969,691
45,7,605,650,605,650
45,8,378,631,378,631
45,10,794,648,794,648
45,11,875,662,875,662
45,12,371,599,371,599
45,13,1347,674,1347,674
45,14,1688,648,1688,648
46,1,1892,757,1892,757
46,2,1215,693,1215,693
46,3,1585,648,1585,648
46,4,286,632,286,632
46,5,1470,690,1470,690
46,6,979,691,979,691
46,7,614,652,614,652
46,8,382,632,382,632
46,10,802,648,802,648
46,11,883,662,883,662
46,12,373,599,373,599
46,13,1360,675,1360,675
46,14,1668,648,1668,648
47,0,563,617,563,617
47,1,1908,757,1908,757
47,2,1227,695,1227,695
47,3,1570,648,1570,648
47,4,286,632,286,632
47,5,1488,693,1488,693
47,6,987,693,987,693
47,7,621,652,621,652
47,8,384,632,384,632
47,10,807,649,807,649
47,11,892,664,892,664
47,12,377,599,377,599
47,13,1371,675,1371,675
47,14,1651,648,1651,648
48,2,1240,696,1240,696
48,4,288,632,288,632
48,5,1504,695,1504,695
48,6,997,693,997,693
48,7,624,653,624,653
48,8,387,632,387,632
48,10,813,649,813,649
48,11,898,664,898,664
48,12,377,599,377,599
48,13,1385,677,1385,677
48,14,1634,647,1634,647
49,0,567,619,567,619
49,2,1253,696,1253,696
49,4,291,632,291,632
49,5,1521,696,1521,696
49,6,1008,695,1008,695
49,7,629,652,629,652
49,8,391,632,391,632
49,10,821,649,821,649
49,11,906,665,906,665
49,12,382,599,382,599
49,13,1399,675,1399,675
49,14,1615,647,1615,647
50,0,571,619,571,619
50,2,1266,698,1266,698
50,4,294,632,294,632
50,5,1539,698,1539,698
50,6,1018,696,1018,696
50,7,636,652,636,652
50,8,394,632,394,632
50,10,827,649,827,649
50,11,915,665,915,665
50,12,384,599,384,599
50,13,1414,677,1414,677
50,14,1599,647,1599,647
51,0,576,619,576,619
51,2,1278,699,1278,699
51,4,296,632,296,632
51,5,1557,698,1557,698
51,6,1028,696,1028,696
51,7,644,653,644,653
51,8,396,632,396,632
51,10,834,649,834,649
51,11,921,665,921,665
51,12,384,599,384,599
51,13,1427,677,1427,677
52,0,567,619,567,619
52,1,147,623,147,623
52,2,1293,699,1293,699
52,4,299,632,299,632
52,5,1576,701,1576,701
52,6,1038,698,1038,698
52,7,650,653,650,653
52,8,401,632,401,632
52,10,841,649,841,649
52,11,931,665,931,665
52,12,385,598,385,598
52,13,1442,678,1442,678
53,2,1306,701,1306,701
53,4,301,632,301,632
53,5,1596,701,1596,701
53,6,1048,698,1048,698
53,7,656,654,656,654
53,8,403,632,403,632
53,10,847,649,847,649
53,11,939,666,939,666
53,12,389,600,389,600
53,13,1455,680,1455,680
54,0,1440,643,1440,643
54,2,1319,701,1319,701
54,4,302,632,302,632
54,5,1616,701,1616,701
54,6,1059,699,1059,699
54,7,664,656,664,656
54,8,407,632,407,632
54,10,857,649,857,649
54,11,946,667,946,667
54,12,393,600,393,600
54,13,1470,680,1470,680
55,2,1334,704,1334,704
55,4,304,632,304,632
55,5,1636,701,1636,701
55,6,1069,701,1069,701
55,7,672,656,672,656
55,8,410,632,410,632
55,10,862,649,862,649
55,11,956,667,956,667
55,12,394,600,394,600
55,13,1485,680,1485,680
56,0,248,625,248,625
56,1,1498,644,1498,644
56,2,1348,704,1348,704
56,3,594,635,594,635
56,4,306,632,306,632
56,5,1657,704,1657,704
56,6,1079,701,1079,701
56,7,678,657,678,657
56,8,412,632,412,632
56,10,867,650,867,650
56,11,964,669,964,669
56,12,398,600,398,600
56,13,1503,682,1503,682
57,0,248,625,248,625
57,1,1485,643,1485,643
57,2,1363,706,1363,706
57,3,596,636,596,636
57,4,311,632,311,632
57,5,1677,708,1677,708
57,6,1090,701,1090,701
57,7,684,657,684,657
57,8,416,632,416,632
57,9,1399,641,1399,641
57,10,875,650,875,650
57,11,974,669,974,669
57,12,400,599,400,599
57,13,1519,683,1519,683
58,0,250,625,250,625
58,1,1470,643,1470,643
58,2,1378,706,1378,706
58,3,601,636,601,636
58,4,313,633,313,633
58,5,1698,709,1698,709
58,6,1102,703,1102,703
58,7,692,657,692,657
58,8,419,632,419,632
58,9,1383,643,1383,643
58,10,882,650,882,650
58,11,982,669,982,669
58,12,401,600,401,600
58,13,1534,685,1534,685
59,0,253,625,253,625
59,1,1455,643,1455,643
59,2,1393,708,1393,708
59,3,608,636,608,636
59,4,315,632,315,632
59,5,1721,709,1721,709
59,6,1112,704,1112,704
59,7,701,658,701,658
59,8,423,632,423,632
59,9,1370,643,1370,643
59,10,888,652,888,652
59,11,992,669,992,669
59,12,403,600,403,600
59,13,1553,685,1553,685
60,0,255,623,255,623
60,1,1442,641,1442,641
60,2,1409,708,1409,708
60,3,613,636,613,636
60,4,318,632,318,632
60,5,1744,711,1744,711
60,6,1125,704,1125,704
60,7,709,660,709,660
60,8,426,632,426,632
60,9,1355,643,1355,643
60,10,895,652,895,652
60,11,1000,670,1000,670
60,12,403,600,403,600
60,13,1569,685,1569,685
61,1,1427,643,1427,643
61,2,1426,709,1426,709
61,4,320,633,320,633
61,5,1767,712,1767,712
61,6,1135,706,1135,706
61,7,715,660,715,660
61,8,430,632,430,632
61,9,1345,641,1345,641
61,10,903,653,903,653
61,11,1010,672,1010,672
61,12,405,600,405,600
61,13,1588,687,1588,687
62,0,624,636,624,636
62,1,1414,641,1414,641
62,2,1442,711,1442,711
62,4,324,633,324,633
62,5,1782,714,1782,714
62,6,1146,706,1146,706
62,7,724,660,724,660
62,8,433,632,433,632
62,9,1330,640,1330,640
62,10,910,654,910,654
62,11,1020,672,1020,672
62,12,407,600,407,600
62,13,1606,688,1606,688
63,0,629,636,629,636
63,1,1399,641,1399,641
63,2,1458,711,1458,711
63,4,327,633,327,633
63,5,1793,714,1793,714
63,6,1158,708,1158,708
63,7,730,661,730,661
63,8,437,632,437,632
63,9,1316,640,1316,640
63,10,918,654,918,654
63,11,1028,672,1028,672
63,12,410,600,410,600
63,13,1623,688,1623,688
64,0,636,636,636,636
64,1,1386,641,1386,641
64,2,1477,712,1477,712
64,4,329,635,329,635
64,5,1803,717,1803,717
64,6,1171,709,1171,709
64,7,738,661,738,661
64,8,442,632,442,632
64,9,1301,640,1301,640
64,10,926,656,926,656
64,11,1039,672,1039,672
64,12,412,600,412,600
64,13,1642,690,1642,690
65,0,641,636,641,636
65,1,1373,640,1373,640
65,2,1493,714,1493,714
65,3,266,625,266,625
65,4,332,635,332,635
65,5,1816,717,1816,717
65,6,1182,709,1182,709
65,7,747,661,747,661
65,8,444,632,444,632
65,9,1289,640,1289,640
65,10,934,656,934,656
65,11,1048,674,1048,674
65,12,414,600,414,600
65,13,1661,691,1661,691
65,14,1793,685,1793,685
66,0,646,636,646,636
66,1,1360,640,1360,640
66,2,1511,714,1511,714
66,3,269,625,269,625
66,4,334,635,334,635
66,5,1826,720,1826,720
66,6,1194,711,1194,711
66,7,756,662,756,662
66,9,1278,640,1278,640
66,10,941,656,941,656
66,11,1059,675,1059,675
66,12,417,600,417,600
66,13,1681,693,1681,693
66,14,1813,688,1813,688
67,0,652,636,652,636
67,1,1347,640,1347,640
67,2,1529,717,1529,717
67,4,338,635,338,635
67,5,1839,720,1839,720
67,6,1207,712,1207,712
67,7,764,662,764,662
67,9,1266,640,1266,640
67,10,949,654,949,654
67,11,1071,675,1071,675
67,12,419,605,419,605
67,13,1701,693,1701,693
68,0,659,637,659,637
68,1,1335,639,1335,639
68,2,1547,719,1547,719
68,4,341,636,341,636
68,5,1849,722,1849,722
68,6,1219,712,1219,712
68,7,773,664,773,664
68,9,1253,640,1253,640
68,10,957,656,957,656
68,11,1081,675,1081,675
68,12,421,602,421,602
68,13,1721,695,1721,695
69,0,664,637,664,637
69,1,1322,639,1322,639
69,2,1567,719,1567,719
69,3,1856,693,1856,693
69,4,343,636,343,636
69,5,1862,722,1862,722
69,6,1232,714,1232,714
69,7,780,664,780,664
69,10,966,657,966,657
69,11,1089,677,1089,677
69,12,426,607,426,607
69,13,1743,696,1743,696
70,0,669,639,669,639
70,1,1309,637,1309,637
70,2,1588,720,1588,720
70,3,1868,696,1868,696
70,4,347,636,347,636
70,5,1875,722,1875,722
70,6,1243,714,1243,714
70,7,789,665,789,665
70,8,201,631,201,631
70,9,1835,648,1835,648
70,10,974,657,974,657
70,11,1100,677,1100,677
70,12,430,609,430,609
70,13,1763,696,1763,696
71,0,675,639,675,639
71,1,1297,639,1297,639
71,2,1606,722,1606,722
71,3,1879,698,1879,698
71,4,348,636,348,636
71,5,1887,727,1887,727
71,6,1258,716,1258,716
71,7,798,665,798,665
71,9,1806,649,1806,649
71,10,982,658,982,658
71,11,1112,677,1112,677
71,12,430,604,430,604
71,13,1783,698,1783,698
71,14,467,633,467,633
71,15,1214,641,1214,641
72,0,682,639,682,639
72,1,1286,637,1286,637
72,2,1628,724,1628,724
72,3,1891,699,1891,699
72,4,352,636,352,636
72,5,1898,733,1898,733
72,6,1271,717,1271,717
72,7,807,665,807,665
72,9,1783,649,1783,649
72,10,992,658,992,658
72,11,1120,678,1120,678
72,12,433,603,433,603
72,13,1806,699,1806,699
72,14,470,633,470,633
72,15,1209,641,1209,641
73,0,687,640,687,640
73,1,1273,639,1273,639
73,2,1648,725,1648,725
73,3,1905,711,1905,711
73,4,355,636,355,636
73,6,1284,719,1284,719
73,7,816,666,816,666
73,8,292,625,292,625
73,10,1000,660,1000,660
73,11,1131,680,1131,680
73,12,435,602,435,602
73,13,1826,701,1826,701
73,14,474,635,474,635
73,15,1199,643,1199,643
74,0,693,640,693,640
74,1,1261,644,1261,644
74,2,1668,727,1668,727
74,4,359,636,359,636
74,5,162,625,162,625
74,6,1299,719,1299,719
74,7,825,667,825,667
74,8,295,625,295,625
74,10,1010,661,1010,661
74,11,1143,680,1143,680
74,12,437,601,437,601
74,13,1841,703,1841,703
74,14,479,635,479,635
75,0,698,640,698,640
75,1,1248,644,1248,644
75,2,1691,727,1691,727
75,3,1721,653,1721,653
75,4,361,636,361,636
75,5,162,625,162,625
75,6,1312,722,1312,722
75,7,834,669,834,669
75,10,1018,661,1018,661
75,11,1154,680,1154,680
75,12,437,600,437,600
75,13,1852,704,1852,704
75,14,484,635,484,635
76,0,706,640,706,640
76,1,1243,644,1243,644
76,2,1714,730,1714,730
76,3,1701,649,1701,649
76,4,364,636,364,636
76,5,164,625,164,625
76,6,1327,722,1327,722
76,7,842,669,842,669
76,8,218,632,218,632
76,9,295,627,295,627
76,10,1026,661,1026,661
76,11,1166,680,1166,680
76,12,440,600,440,600
76,13,1862,703,1862,703
76,14,488,636,488,636
77,0,711,640,711,640
77,2,1738,732,1738,732
77,3,1684,648,1684,648
77,4,368,636,368,636
77,5,165,625,165,625
77,6,1340,722,1340,722
77,7,852,669,852,669
77,8,218,632,218,632
77,10,1036,661,1036,661
77,11,1177,680,1177,680
77,12,442,600,442,600
77,13,1875,701,1875,701
77,14,492,636,492,636
78,0,719,640,719,640
78,1,299,629,299,629
78,2,1760,735,1760,735
78,3,1667,647,1667,647
78,4,370,636,370,636
78,5,168,625,168,625
78,6,1355,724,1355,724
78,7,860,670,860,670
78,8,220,632,220,632
78,10,1046,662,1046,662
78,11,1189,682,1189,682
78,12,444,600,444,600
78,13,1887,701,1887,701
78,14,498,636,498,636
79,0,725,641,725,641
79,1,302,628,302,628
79,2,1773,737,1773,737
79,3,1648,645,1648,645
79,4,373,636,373,636
79,6,1371,725,1371,725
79,7,870,672,870,672
79,8,222,632,222,632
79,9,1125,641,1125,641
79,10,1054,662,1054,662
79,11,1199,683,1199,683
79,12,447,599,447,599
79,13,1898,696,1898,696
79,14,499,636,499,636
80,0,732,641,732,641
80,1,306,629,306,629
80,2,1784,738,1784,738
80,3,1631,644,1631,644
80,4,377,637,377,637
80,5,173,625,173,625
80,6,1386,727,1386,727
80,7,882,672,882,672
80,8,223,632,223,632
80,9,1117,641,1117,641
80,10,1066,664,1066,664
80,11,1212,683,1212,683
80,12,449,600,449,600
80,14,504,636,504,636
81,0,738,643,738,643
81,1,306,629,306,629
81,2,1796,738,1796,738
81,3,1615,644,1615,644
81,4,380,637,380,637
81,6,1403,727,1403,727
81,7,890,672,890,672
81,8,225,632,225,632
81,9,1110,643,1110,643
81,10,1074,664,1074,664
81,11,1223,685,1223,685
81,12,453,600,453,600
81,14,511,637,511,637
82,0,746,643,746,643
82,1,308,628,308,628
82,2,1807,741,1807,741
82,3,1598,644,1598,644
82,4,382,637,382,637
82,5,1861,656,1861,656
82,6,1419,729,1419,729
82,7,900,672,900,672
82,8,225,632,225,632
82,10,1084,665,1084,665
82,11,1235,685,1235,685
82,12,454,600,454,600
82,14,512,637,512,637
83,0,752,644,752,644
83,1,313,627,313,627
83,2,1820,743,1820,743
83,3,1583,644,1583,644
83,4,387,639,387,639
83,5,1848,652,1848,652
83,6,1435,730,1435,730
83,7,910,674,910,674
83,8,225,632,225,632
83,9,1163,643,1163,643
83,10,1094,661,1094,661
83,11,1248,687,1248,687
83,12,456,600,456,600
83,14,518,637,518,637
84,0,761,644,761,644
84,1,315,627,315,627
84,2,1832,741,1832,741
84,3,1566,643,1566,643
84,4,391,639,391,639
84,5,1832,648,1832,648
84,6,1452,732,1452,732
84,7,921,675,921,675
84,8,228,632,228,632
84,9,1158,643,1158,643
84,10,1105,665,1105,665
84,11,1260,687,1260,687
84,12,458,601,458,601
84,14,525,637,525,637
85,0,769,644,769,644
85,1,317,627,317,627
85,2,1845,740,1845,740
85,3,1550,643,1550,643
85,4,394,639,394,639
85,6,1468,733,1468,733
85,7,931,675,931,675
85,8,231,632,231,632
85,9,1151,644,1151,644
85,10,1113,666,1113,666
85,11,1273,688,1273,688
85,12,461,601,461,601
85,13,266,619,266,619
85,14,530,637,530,637
85,15,126,608,126,608
86,0,775,644,775,644
86,1,318,627,318,627
86,2,1859,743,1859,743
86,3,1536,641,1536,641
86,4,396,639,396,639
86,5,1056,649,1056,649
86,6,1485,735,1485,735
86,7,939,677,939,677
86,8,233,632,233,632
86,10,1125,666,1125,666
86,11,1286,688,1286,688
86,12,465,601,465,601
86,13,269,619,269,619
86,14,535,639,535,639
87,0,784,644,784,644
87,1,320,627,320,627
87,2,1872,745,1872,745
87,3,1521,641,1521,641
87,4,400,639,400,639
87,6,1503,737,1503,737
87,7,949,677,949,677
87,8,233,632,233,632
87,9,1763,644,1763,644
87,10,1135,666,1135,666
87,11,1299,690,1299,690
87,12,467,601,467,601
87,14,538,639,538,639
87,15,1136,632,1136,632
88,0,790,644,790,644
88,1,322,627,322,627
88,2,1885,749,1885,749
88,3,1503,640,1503,640
88,4,403,639,403,639
88,6,1521,738,1521,738
88,7,959,678,959,678
88,8,238,632,238,632
88,9,1731,644,1731,644
88,10,1146,667,1146,667
88,11,1312,690,1312,690
88,12,470,601,470,601
88,14,544,639,544,639
89,0,798,645,798,645
89,1,322,627,322,627
89,2,1898,755,1898,755
89,3,1490,640,1490,640
89,4,407,639,407,639
89,6,1541,740,1541,740
89,7,970,680,970,680
89,9,1703,644,1703,644
89,10,1156,667,1156,667
89,11,1327,693,1327,693
89,12,474,601,474,601
89,14,549,640,549,640
90,0,806,647,806,647
90,1,325,627,325,627
90,3,1477,640,1477,640
90,4,410,640,410,640
90,5,241,633,241,633
90,6,1560,740,1560,740
90,7,980,680,980,680
90,9,1672,643,1672,643
90,10,1169,669,1169,669
90,11,1340,693,1340,693
90,14,554,640,554,640
91,0,813,647,813,647
91,1,327,628,327,628
91,2,479,603,479,603
91,3,1463,640,1463,640
91,4,414,640,414,640
91,6,1579,743,1579,743
91,7,992,682,992,682
91,8,1094,649,1094,649
91,9,1644,641,1644,641
91,10,1179,669,1179,669
91,11,1355,693,1355,693
91,14,561,640,561,640
92,0,821,647,821,647
92,1,331,627,331,627
92,2,480,605,480,605
92,3,1454,640,1454,640
92,4,417,640,417,640
92,5,247,635,247,635
92,6,1599,743,1599,743
92,7,1003,683,1003,683
92,9,1616,641,1616,641
92,10,1191,669,1191,669
92,11,1368,695,1368,695
92,14,566,640,566,640
93,0,830,648,830,648
93,1,334,627,334,627
93,2,480,606,480,606
93,3,1445,640,1445,640
93,4,419,640,419,640
93,6,1619,745,1619,745
93,7,1015,683,1015,683
93,8,198,631,198,631
93,9,1592,640,1592,640
93,10,1202,670,1202,670
93,11,1381,695,1381,695
93,14,572,640,572,640
94,0,837,648,837,648
94,1,336,627,336,627
94,2,483,606,483,606
94,3,1432,640,1432,640
94,4,424,640,424,640
94,5,248,643,248,643
94,6,1639,748,1639,748
94,7,1025,685,1025,685
94,10,1214,670,1214,670
94,11,1394,696,1394,696
94,14,577,640,577,640
95,0,846,649,846,649
95,1,338,627,338,627
95,2,489,605,489,605
95,4,426,640,426,640
95,6,1661,748,1661,748
95,7,1038,685,1038,685
95,8,202,631,202,631
95,9,1539,640,1539,640
95,10,1225,672,1225,672
95,11,1409,696,1409,696
95,12,846,649,846,649
95,14,582,641,582,641
96,0,854,649,854,649
96,1,341,628,341,628
96,2,493,604,493,604
96,4,430,641,430,641
96,6,1681,751,1681,751
96,7,1049,687,1049,687
96,9,1524,639,1524,639
96,10,1238,672,1238,672
96,11,1424,698,1424,698
96,12,854,649,854,649
96,14,590,641,590,641
97,0,862,649,862,649
97,1,343,628,343,628
97,2,493,602,493,602
97,4,433,641,433,641
97,6,1704,754,1704,754
97,7,1061,688,1061,688
97,10,1250,674,1250,674
97,11,1439,698,1439,698
97,14,595,641,595,641
98,0,872,649,872,649
98,1,348,628,348,628
98,2,494,603,494,603
98,3,961,648,961,648
98,4,439,641,439,641
98,5,872,650,872,650
98,6,1727,757,1727,757
98,7,1074,690,1074,690
98,8,1852,619,1852,619
98,10,1263,674,1263,674
98,11,1454,701,1454,701
98,14,600,641,600,641
99,1,350,628,350,628
99,2,499,604,499,604
99,4,442,641,442,641
99,6,1743,758,1743,758
99,7,1085,690,1085,690
99,9,1360,644,1360,644
99,10,1274,674,1274,674
99,11,1468,699,1468,699
99,14,604,643,604,643
100,0,968,654,890,652
100,1,430,634,354,629
100,2,542,605,503,603
100,3,1012,614,1828,616
100,4,521,644,445,642
100,6,1457,755,1752,760
100,7,1017,686,1099,691
100,10,1687,710,1288,675
100,11,1619,718,1485,700
100,14,592,635,608,643
101,0,1024,653,898,652
101,1,410,630,356,629
101,2,573,601,507,603
101,3,888,606,1815,616
101,4,551,644,449,643
101,5,511,589,992,655
101,6,1421,722,1764,762
101,7,1123,684,1113,694
101,8,227,615,1387,646
101,9,838,631,897,652
101,10,1696,699,1301,676
101,11,1775,724,1500,701
101,14,621,640,614,643
102,0,990,658,906,653
102,1,391,638,359,630
102,2,553,611,510,604
102,3,880,614,1802,615
102,4,540,650,453,643
102,5,436,588,996,655
102,6,1431,729,1775,764
102,7,1155,697,1126,696
102,9,757,633,905,653
102,10,1713,702,1314,677
102,11,1800,722,1516,703
102,12,121,594,269,636
102,14,635,647,621,644
103,0,1033,656,915,653
103,1,414,631,361,630
103,2,558,604,514,604
103,3,944,611,1791,615
103,4,532,648,457,643
103,6,1434,730,1786,766
103,7,1117,696,1140,697
103,10,1606,691,1329,677
103,11,1649,713,1532,706
103,12,109,582,271,637
103,14,630,638,627,644
104,0,1010,660,925,653
104,1,420,632,366,632
104,2,548,606,518,606
104,3,1004,609,1780,618
104,4,550,650,462,644
104,6,1509,737,1798,769
104,7,1092,693,1154,698
104,10,1892,716,1343,677
104,11,1795,733,1549,707
104,12,113,578,274,637
104,14,600,641,633,645
105,0,1041,658,935,654
105,1,438,635,368,632
105,2,565,605,521,605
105,3,891,602,1771,618
105,4,571,651,466,644
105,5,559,602,1312,643
105,6,1508,734,1810,767
105,7,1041,685,1168,701
105,10,1716,704,1359,679
105,11,1751,731,1566,709
105,14,618,642,639,645
106,0,1047,661,944,654
106,1,415,639,371,632
106,2,573,610,524,606
106,3,894,607,1765,619
106,4,531,651,471,644
106,6,1530,760,1823,766
106,7,1082,689,1183,702
106,8,173,615,277,638
106,9,846,635,1032,656
106,10,1738,719,1375,680
106,11,1772,732,1582,710
106,14,633,639,645,646
107,0,1069,662,954,655
107,1,404,632,373,632
107,2,588,605,527,606
107,4,579,652,475,645
107,6,1368,722,1835,767
107,7,1144,698,1198,703
107,8,237,624,279,638
107,9,865,642,1040,657
107,10,1749,712,1388,682
107,11,1814,740,1599,710
107,14,680,648,651,646
108,0,1060,662,965,655
108,1,425,638,377,631
108,2,601,607,531,606
108,3,887,608,311,623
108,4,564,653,479,645
108,6,1432,735,1848,769
108,7,1166,698,1213,703
108,8,226,625,282,639
108,9,901,638,1051,657
108,10,1726,707,1403,683
108,11,1778,727,1617,712
108,14,687,646,657,647
109,0,1064,661,974,656
109,1,408,636,379,632
109,2,590,605,534,605
109,4,605,654,484,645
109,5,503,600,594,638
109,6,1343,714,1861,773
109,7,1250,704,1229,705
109,8,248,632,283,639
109,9,920,639,1062,658
109,10,1705,703,1417,683
109,11,1844,736,1635,713
109,14,688,654,663,647
110,0,1070,663,984,656
110,1,448,636,383,634
110,2,622,606,537,607
110,3,772,603,313,622
110,4,623,655,488,645
110,6,1303,711,1874,778
110,7,1229,704,1246,707
110,8,286,634,285,638
110,9,911,643,1077,658
110,10,1673,706,1431,684
110,11,1810,743,1653,714
110,12,228,595,873,627
110,14,701,650,670,647
111,0,1114,662,993,657
111,1,457,636,387,634
111,2,625,605,539,608
111,4,629,654,492,645
111,5,562,608,1711,619
111,6,1222,697,1889,784
111,7,1329,711,1263,708
111,8,273,629,288,638
111,9,920,639,1084,658
111,10,1522,686,1447,684
111,11,1754,728,1671,716
111,13,-142,563,605,639
111,14,712,649,676,648
112,0,1086,664,1005,657
112,1,433,638,390,635
112,2,620,607,542,607
112,4,594,650,497,646
112,6,1305,717,1904,783
112,7,1340,707,1280,710
112,8,208,624,292,639
112,9,911,633,1095,660
112,10,1482,684,1465,684
112,11,1765,722,1690,716
112,13,-211,561,607,638
112,14,716,650,683,648
113,0,1082,665,1016,658
113,1,435,641,393,634
113,2,627,608,546,606
113,3,873,611,850,628
113,4,632,657,501,646
113,5,553,601,926,628
113,7,1316,712,1299,712
113,8,269,632,293,638
113,9,968,642,1106,661
113,10,1642,685,1483,686
113,11,1839,721,1708,717
113,12,183,592,1860,646
113,13,-201,558,612,639
113,14,743,655,689,648
114,0,1123,663,1026,658
114,1,445,636,397,635
114,2,660,605,550,607
114,3,746,613,843,628
114,4,634,653,503,646
114,5,550,613,921,629
114,6,970,668,1166,637
114,7,1498,725,1317,713
114,8,300,632,295,638
114,9,973,633,1117,662
114,10,1246,659,1501,687
114,11,1653,714,1728,719
114,14,768,653,696,649
115,0,1126,664,1037,658
115,1,427,639,401,635
115,2,661,606,555,608
115,3,656,603,836,627
115,4,650,657,508,646
115,5,546,612,916,628
115,7,1505,726,1335,713
115,8,302,636,296,639
115,9,967,637,1130,662
115,10,1289,664,1519,688
115,11,1730,716,1749,721
115,14,786,657,703,649
116,0,1146,663,1048,658
116,1,427,638,404,636
116,2,653,605,560,608
116,3,690,598,829,628
116,4,631,653,515,647
116,5,549,603,908,628
116,7,1425,722,1357,717
116,8,288,627,299,639
116,9,1018,637,1141,662
116,10,1298,682,1538,689
116,11,1679,724,1760,722
116,14,799,650,710,649
117,0,1122,665,1059,660
117,1,420,639,407,636
117,2,620,607,563,607
117,3,788,614,823,627
117,4,599,654,519,647
117,5,473,603,901,628
117,6,1226,718,629,639
117,7,1373,716,1378,720
117,8,223,626,303,639
117,9,848,633,1153,663
117,10,1356,685,1558,690
117,11,1659,724,1769,723
117,14,724,654,717,650
118,0,1119,662,1070,660
118,1,448,639,410,636
118,2,696,605,566,606
118,3,521,601,818,627
118,4,671,656,524,647
118,5,569,617,894,628
118,6,747,654,634,641
118,7,1556,737,1400,723
118,8,375,642,304,639
118,9,996,637,1162,662
118,10,1109,660,1580,691
118,11,1617,718,1778,724
118,14,835,658,723,650
119,0,1130,662,1082,661
119,1,433,635,414,636
119,2,685,606,571,607
119,4,659,655,529,647
119,5,505,604,888,627
119,6,829,672,638,641
119,7,1556,738,1423,723
119,8,323,634,306,639
119,9,986,635,1172,662
119,10,1124,663,1601,691
119,11,1622,717,1788,726
119,12,266,604,247,622
119,14,845,653,730,651
120,0,1141,665,1094,661
120,1,477,639,417,636
120,2,700,603,574,605
120,4,674,655,533,647
120,5,528,610,881,627
120,6,837,674,644,642
120,7,1470,726,1446,727
120,8,347,642,308,639
120,9,1018,631,1182,660
120,10,861,649,1623,693
120,11,1469,710,1798,728
120,12,299,615,249,622
120,14,844,657,738,651
121,0,1126,666,1107,662
121,1,419,639,421,636
121,2,705,607,582,607
121,3,402,598,201,614
121,4,658,656,537,648
121,5,453,606,875,627
121,7,1642,742,1470,725
121,8,319,641,313,639
121,9,981,632,1198,664
121,10,867,644,1645,695
121,11,1553,714,1808,729
121,12,266,617,251,622
121,14,858,664,744,652
122,0,1108,665,1117,663
122,1,462,640,426,637
122,2,703,604,583,606
122,4,680,658,542,648
122,5,524,617,869,627
122,6,745,643,654,642
122,7,1626,744,1496,731
122,8,359,647,315,639
122,9,949,633,1211,665
122,10,964,639,1668,695
122,11,1567,707,1817,729
122,12,277,618,253,622
122,14,826,663,751,652
123,0,1135,666,1130,663
123,1,467,640,429,637
123,2,710,603,588,607
123,4,679,654,547,648
123,6,630,651,659,643
123,7,1608,742,1522,734
123,8,322,640,314,639
123,10,551,618,1693,691
123,11,1396,696,1827,728
123,12,261,612,255,623
123,14,885,663,759,653
124,0,1120,667,1144,664
124,1,458,641,433,637
124,2,718,602,587,605
124,3,485,607,1037,626
124,4,698,655,552,649
124,6,551,625,665,644
124,7,1727,746,1549,736
124,8,355,645,318,639
124,10,529,604,1719,687
124,11,1393,681,1841,728
124,12,258,617,258,623
124,14,900,665,766,653
125,0,1122,664,1158,665
125,1,465,642,436,637
125,2,709,603,587,605
125,3,418,606,1030,627
125,4,674,653,558,649
125,5,474,615,852,627
125,6,507,632,670,644
125,7,1678,742,1579,740
125,8,324,647,322,639
125,9,1037,624,1862,648
125,11,1258,675,1852,728
125,12,234,619,260,623
125,14,885,665,773,653
126,0,1085,660,1175,665
126,1,463,638,440,637
126,2,703,603,590,606
126,3,357,603,1020,627
126,4,683,653,563,650
126,6,360,609,675,643
126,7,1657,749,1610,743
126,8,408,650,323,639
126,9,1029,630,1854,658
126,11,1304,690,1861,728
126,12,326,622,262,623
126,14,897,660,781,654
127,0,1095,664,1187,667
127,1,453,640,444,638
127,2,703,602,594,605
127,4,660,653,568,650
127,5,504,624,207,614
127,6,222,617,681,644
127,7,1668,750,1642,743
127,8,384,648,324,639
127,9,1027,627,1842,660
127,11,1141,683,1874,726
127,12,278,620,263,623
127,14,909,661,789,654
128,0,1093,661,1202,668
128,1,419,635,447,638
128,2,672,600,598,604
128,3,393,601,1000,627
128,4,631,653,572,650
128,5,493,625,208,614
128,6,434,619,687,642
128,7,1636,744,1670,745
128,8,363,645,325,639
128,12,241,611,265,623
128,14,868,656,796,655
129,0,1112,663,1217,668
129,1,474,641,451,638
129,2,716,604,602,603
129,3,358,603,990,628
129,4,683,656,578,650
129,5,478,623,209,615
129,6,333,612,692,644
129,7,1657,749,1682,752
129,8,390,650,327,641
129,9,961,627,1071,630
129,12,302,626,267,624
129,14,898,659,804,655
